date,open,high,low,close,volume
2013-01-02,2013.74,2033.66,2012.30,2031.10,364080
2013-01-03,2041.24,2042.48,2018.49,2019.41,491014
2013-01-04,2017.88,2018.63,2001.53,2011.94,378862
2013-01-07,2012.15,2014.00,1996.47,2011.25,536220
2013-01-08,2003.22,2009.99,1997.91,1997.94,493728
2013-01-09,2001.98,2007.72,1989.48,1991.81,607581
2013-01-10,1993.87,2008.47,1988.04,2006.80,500778
2013-01-11,2017.38,2017.92,1984.16,1996.67,472563
2013-01-14,1993.82,2007.04,1989.24,2007.04,454751
2013-01-15,2006.89,2016.37,1983.74,1983.74,546220
2013-01-16,1988.44,1996.46,1970.01,1977.45,457618
2013-01-17,1983.67,1986.34,1964.62,1974.27,828726
2013-01-18,1987.65,1988.47,1976.72,1987.85,583335
2013-01-21,1987.96,1991.98,1972.64,1986.86,446597
2013-01-22,1986.58,1999.35,1981.88,1996.52,553442
2013-01-23,2003.37,2008.06,1980.41,1980.41,491356
2013-01-24,1970.85,1980.03,1960.75,1964.48,558392
2013-01-25,1966.40,1966.83,1934.89,1946.69,401831
2013-01-28,1940.33,1943.49,1930.37,1939.71,349466
2013-01-29,1946.11,1958.88,1944.81,1955.96,465008
2013-01-30,1961.92,1967.29,1950.67,1964.43,523258
2013-01-31,1960.78,1965.92,1954.53,1961.94,399576
2013-02-01,1964.75,1966.54,1942.44,1957.79,385886
2013-02-04,1968.95,1969.13,1952.83,1953.21,345361
2013-02-05,1936.92,1944.00,1928.75,1938.18,366687
2013-02-06,1943.33,1944.44,1935.44,1936.19,349221
2013-02-07,1939.42,1946.67,1931.10,1931.77,412163
2013-02-08,1930.00,1955.86,1929.81,1950.90,291212
2013-02-12,1958.46,1958.65,1943.63,1945.79,307483
2013-02-13,1952.86,1976.07,1950.58,1976.07,331013
2013-02-14,1977.42,1986.14,1972.80,1979.61,336033
2013-02-15,1981.06,1982.76,1976.12,1981.18,598838
2013-02-18,1979.42,1985.41,1973.65,1981.91,420693
2013-02-19,1981.96,1990.09,1979.85,1985.83,344264
2013-02-20,1997.04,2024.64,1995.31,2024.64,407731
2013-02-21,2014.50,2021.24,2010.91,2015.22,391186
2013-02-22,2007.34,2029.44,2006.59,2018.89,409122
2013-02-25,2022.51,2022.77,2008.78,2009.52,338229
2013-02-26,1993.12,2005.86,1991.96,2000.01,433410
2013-02-27,2008.94,2014.96,1999.65,2004.04,417074
2013-02-28,2019.05,2030.85,2016.15,2026.49,421958
2013-03-04,2028.55,2029.32,2011.09,2013.15,357436
2013-03-05,2022.41,2031.65,2016.60,2016.61,491945
2013-03-06,2033.17,2033.89,2016.65,2020.74,395369
2013-03-07,2018.63,2018.63,1998.29,2004.40,386477
2013-03-08,2001.97,2007.37,1994.25,2006.01,312058
2013-03-11,2000.57,2006.30,1982.38,2003.35,398284
2013-03-12,2006.84,2007.44,1990.17,1993.34,390222
2013-03-13,1994.79,1999.73,1988.19,1999.73,353043
2013-03-14,2000.07,2002.13,1978.57,2002.13,330921
2013-03-15,2009.71,2009.71,1985.91,1986.50,307400
2013-03-18,1974.71,1982.92,1968.18,1968.18,304266
2013-03-19,1978.41,1989.46,1973.23,1978.56,326790
2013-03-20,1969.19,1978.17,1959.40,1959.41,332896
2013-03-21,1969.30,1973.26,1950.82,1950.82,262865
2013-03-22,1949.03,1956.33,1946.05,1948.71,259617
2013-03-25,1968.85,1981.75,1968.14,1977.67,276300
2013-03-26,1976.81,1990.23,1975.60,1983.70,298849
2013-03-27,1991.91,1996.56,1973.72,1993.44,362612
2013-03-28,1989.70,1995.31,1985.45,1993.52,367681
2013-03-29,2007.12,2013.21,2003.96,2004.89,341600
2013-04-01,2009.94,2010.15,1994.54,1995.99,269152
2013-04-02,1996.81,2001.78,1973.27,1986.15,496115
2013-04-03,1990.71,1992.40,1972.02,1983.22,396383
2013-04-04,1963.39,1965.19,1938.89,1959.45,415397
2013-04-05,1948.33,1952.10,1916.77,1927.23,372650
2013-04-08,1927.04,1933.95,1918.69,1918.69,313346
2013-04-09,1918.13,1934.74,1901.96,1920.74,356633
2013-04-10,1933.73,1939.19,1923.43,1935.58,320151
2013-04-11,1944.53,1949.80,1926.54,1949.80,386578
2013-04-12,1954.22,1956.21,1919.90,1924.23,407384
2013-04-15,1916.06,1927.72,1907.35,1920.45,332949
2013-04-16,1900.18,1926.65,1896.69,1922.21,393055
2013-04-17,1934.61,1934.82,1910.78,1923.84,415255
2013-04-18,1916.55,1919.53,1900.05,1900.06,343475
2013-04-19,1899.35,1910.24,1888.30,1906.75,331261
2013-04-22,1903.97,1926.31,1901.98,1926.31,258760
2013-04-23,1924.43,1924.79,1908.77,1918.63,260475
2013-04-24,1931.06,1939.35,1921.03,1935.31,341103
2013-04-25,1937.88,1951.66,1935.81,1951.60,334964
2013-04-26,1949.92,1951.86,1942.37,1944.56,280159
2013-04-29,1948.87,1948.97,1934.68,1940.70,266047
2013-04-30,1947.07,1967.06,1946.99,1963.95,403076
2013-05-02,1961.67,1966.68,1954.28,1957.21,349694
2013-05-03,1967.88,1968.04,1953.40,1965.71,312534
2013-05-06,1977.44,1983.64,1960.14,1961.48,294946
2013-05-07,1962.28,1962.87,1951.27,1954.35,299865
2013-05-08,1961.73,1964.08,1952.38,1956.45,337936
2013-05-09,1963.61,1982.32,1961.50,1979.45,332552
2013-05-10,1975.48,1975.48,1944.75,1944.75,283839
2013-05-13,1936.86,1948.70,1935.57,1948.70,251572
2013-05-14,1954.39,1972.50,1954.13,1968.83,328476
2013-05-15,1971.96,1972.44,1963.52,1971.26,246959
2013-05-16,1980.03,1991.98,1980.03,1986.81,322202
2013-05-20,1990.36,1991.27,1982.43,1982.43,274387
2013-05-21,1994.02,1995.10,1976.17,1981.09,245783
2013-05-22,1991.76,1998.70,1987.23,1993.83,326447
2013-05-23,1985.91,1991.35,1969.19,1969.19,342936
2013-05-24,1979.35,1979.93,1961.59,1973.45,273552
2013-05-27,1974.59,1984.13,1971.53,1979.97,256076
2013-05-28,1983.58,1991.20,1978.89,1986.22,311410
2013-05-29,1993.69,2009.43,1992.68,2001.20,362633
2013-05-30,1999.83,2008.23,1997.84,2000.10,435687
2013-05-31,2009.25,2013.29,2000.82,2001.05,397506
2013-06-03,1993.11,2000.56,1989.51,1989.57,333504
2013-06-04,1998.38,1999.73,1979.42,1989.51,334900
2013-06-05,1988.94,1989.29,1959.19,1959.19,340501
2013-06-07,1953.83,1954.82,1923.84,1923.85,341120
2013-06-10,1927.19,1934.92,1923.59,1932.70,271732
2013-06-11,1933.10,1933.34,1910.05,1920.68,288160
2013-06-12,1913.60,1921.54,1907.29,1909.91,253382
2013-06-13,1905.10,1911.04,1881.24,1882.73,306431
2013-06-14,1895.77,1896.60,1881.50,1889.24,279281
2013-06-17,1889.45,1897.70,1878.40,1883.10,264449
2013-06-18,1887.72,1900.63,1872.70,1900.62,278590
2013-06-19,1899.50,1899.50,1883.41,1888.31,279751
2013-06-20,1864.37,1873.18,1844.41,1850.49,355762
2013-06-21,1806.40,1823.99,1806.02,1822.83,290459
2013-06-24,1821.22,1821.22,1798.98,1799.01,220937
2013-06-25,1790.33,1807.62,1770.53,1780.63,332240
2013-06-26,1799.74,1799.74,1772.49,1783.45,296936
2013-06-27,1809.55,1839.52,1809.40,1834.70,286261
2013-06-28,1844.60,1864.09,1844.60,1863.32,251086
2013-07-01,1851.57,1866.63,1850.03,1855.73,220875
2013-07-02,1861.26,1867.18,1850.29,1855.02,483157
2013-07-03,1854.29,1860.46,1823.10,1824.66,405797
2013-07-04,1830.49,1840.38,1825.62,1839.14,313016
2013-07-05,1848.97,1857.39,1828.75,1833.31,285636
2013-07-08,1830.81,1840.57,1809.72,1816.85,303581
2013-07-09,1828.63,1831.35,1815.03,1830.35,257901
2013-07-10,1835.94,1836.91,1818.94,1824.16,267902
2013-07-11,1840.34,1877.60,1840.34,1877.60,331466
2013-07-12,1873.66,1873.66,1863.40,1869.98,265986
2013-07-15,1869.98,1877.46,1847.82,1875.16,330028
2013-07-16,1875.53,1875.68,1860.37,1866.36,303330
2013-07-17,1871.29,1894.70,1856.55,1887.49,382917
2013-07-18,1883.07,1885.01,1870.78,1875.48,380292
2013-07-19,1880.44,1881.40,1861.43,1871.41,319620
2013-07-22,1880.81,1894.41,1873.17,1880.35,356944
2013-07-23,1890.55,1904.15,1885.57,1904.15,352402
2013-07-24,1904.07,1914.41,1901.15,1912.08,322150
2013-07-25,1906.57,1913.91,1904.44,1909.61,311997
2013-07-26,1912.05,1915.97,1902.47,1910.81,320158
2013-07-29,1908.66,1912.57,1899.02,1899.89,337586
2013-07-30,1901.88,1917.11,1900.54,1917.05,366881
2013-07-31,1915.47,1920.60,1910.82,1914.03,384142
2013-08-01,1916.56,1925.32,1906.74,1920.74,336061
2013-08-02,1936.26,1939.28,1920.98,1923.38,298152
2013-08-05,1920.83,1925.60,1915.69,1916.22,233985
2013-08-06,1914.06,1914.06,1895.87,1906.62,294649
2013-08-07,1892.47,1895.50,1878.33,1878.33,312431
2013-08-08,1884.58,1896.07,1879.13,1883.97,338168
2013-08-09,1884.57,1888.79,1876.07,1880.71,283475
2013-08-12,1878.50,1894.42,1878.33,1884.83,297512
2013-08-13,1893.42,1913.03,1890.78,1913.03,362604
2013-08-14,1912.59,1925.10,1908.92,1923.91,363325
2013-08-16,1903.72,1927.59,1901.70,1920.11,348502
2013-08-19,1917.32,1918.71,1909.80,1917.64,302123
2013-08-20,1910.30,1923.42,1885.93,1887.85,350351
2013-08-21,1891.01,1894.74,1863.60,1867.46,411236
2013-08-22,1847.94,1858.50,1838.52,1849.12,425947
2013-08-23,1861.58,1876.14,1854.67,1870.16,374963
2013-08-26,1876.59,1890.38,1876.59,1887.86,316295
2013-08-27,1883.71,1896.63,1881.44,1885.84,409263
2013-08-28,1862.51,1885.35,1861.56,1884.52,378294
2013-08-29,1892.03,1914.90,1891.59,1907.54,301696
2013-08-30,1918.91,1926.37,1910.37,1926.36,300931
2013-09-02,1925.32,1932.46,1921.01,1924.81,243989
2013-09-03,1934.24,1940.99,1928.09,1933.74,300060
2013-09-04,1929.60,1938.26,1921.93,1933.03,284191
2013-09-05,1943.66,1954.21,1937.82,1951.65,286744
2013-09-06,1954.11,1962.15,1949.01,1955.31,324987
2013-09-09,1964.09,1974.67,1962.62,1974.67,270737
2013-09-10,1978.08,1994.06,1974.59,1994.06,264328
2013-09-11,1995.96,2003.85,1987.40,2003.85,299412
2013-09-12,2004.67,2017.48,1995.16,2004.06,359256
2013-09-13,1994.95,2004.87,1992.26,1994.32,253920
2013-09-16,2011.69,2018.02,2004.45,2013.37,248501
2013-09-17,2009.31,2009.31,1994.31,2005.58,264662
2013-09-23,2000.72,2015.18,1994.77,2009.41,249540
2013-09-24,2001.51,2011.11,1990.36,2007.10,309360
2013-09-25,2004.53,2006.88,1988.87,1998.06,294753
2013-09-26,1992.10,2007.32,1991.10,2007.32,255553
2013-09-27,2012.26,2016.34,2008.25,2011.80,282342
2013-09-30,2002.02,2005.41,1994.22,1996.96,292784
2013-10-01,1997.62,2012.52,1991.22,1998.87,281273
2013-10-02,2012.07,2012.82,1999.02,1999.47,238252
2013-10-04,1999.92,2004.65,1985.63,1996.98,241066
2013-10-07,1997.17,2002.61,1991.02,1994.42,249767
2013-10-08,1987.97,2002.78,1981.21,2002.76,329570
2013-10-10,2000.91,2010.00,1997.66,2001.40,222678
2013-10-11,2018.01,2028.11,2012.66,2024.90,254286
2013-10-14,2026.07,2026.79,2019.65,2020.27,220739
2013-10-15,2034.69,2045.50,2033.84,2040.96,233625
2013-10-16,2040.03,2049.50,2033.75,2034.61,267494
2013-10-17,2051.19,2052.44,2035.96,2040.61,306925
2013-10-18,2046.56,2052.40,2041.36,2052.40,257592
2013-10-21,2054.16,2060.18,2047.83,2053.01,281928
2013-10-22,2051.01,2056.12,2045.45,2056.12,378783
2013-10-23,2062.81,2063.28,2035.75,2035.75,367991
2013-10-24,2034.96,2046.69,2027.93,2046.69,254851
2013-10-25,2047.46,2047.46,2023.82,2034.39,234838
2013-10-28,2037.28,2048.14,2030.90,2048.14,257528
2013-10-29,2046.67,2053.78,2039.46,2051.76,307654
2013-10-30,2055.00,2059.58,2043.93,2059.58,263429
2013-10-31,2050.96,2055.59,2030.09,2030.09,254504
2013-11-01,2037.25,2041.23,2030.57,2039.42,294190
2013-11-04,2035.08,2035.84,2022.91,2025.17,235243
2013-11-05,2027.62,2029.60,2010.20,2013.93,257824
2013-11-06,2015.32,2023.52,2011.41,2013.67,273687
2013-11-07,2014.85,2017.55,2000.60,2004.04,310947
2013-11-08,1987.21,1998.59,1984.86,1984.87,287309
2013-11-11,1995.86,1995.86,1973.05,1977.30,286217
2013-11-12,1983.94,2000.41,1983.89,1995.48,247355
2013-11-13,1993.16,1993.16,1963.56,1963.56,251537
2013-11-14,1980.20,1981.89,1963.42,1967.56,323107
2013-11-15,1980.99,2006.31,1980.99,2005.64,264691
2013-11-18,2014.24,2018.17,2009.76,2010.81,313967
2013-11-19,2009.95,2033.91,2009.47,2031.64,402796
2013-11-20,2028.34,2029.61,2010.74,2017.24,334803
2013-11-21,2013.71,2013.71,1985.65,1993.78,292666
2013-11-22,2002.15,2011.20,1992.48,2006.23,350985
2013-11-25,2020.00,2031.11,2015.98,2015.98,295512
2013-11-26,2008.19,2022.66,1998.90,2022.64,275309
2013-11-27,2016.28,2028.81,2010.84,2028.81,284075
2013-11-28,2039.73,2047.66,2037.73,2045.77,276271
2013-11-29,2044.85,2050.70,2038.46,2044.87,245371
2013-12-02,2050.45,2052.88,2029.10,2030.78,229692
2013-12-03,2023.62,2028.07,2008.55,2009.36,294947
2013-12-04,1998.69,2006.71,1986.80,1986.80,230327
2013-12-05,1993.73,1994.32,1971.44,1984.77,217668
2013-12-06,1982.99,1990.55,1980.40,1980.41,201897
2013-12-09,2000.52,2003.97,1997.58,2000.38,230269
2013-12-10,2000.03,2001.33,1989.41,1993.45,200955
2013-12-11,1987.22,2000.15,1972.87,1977.97,231374
2013-12-12,1966.44,1970.51,1958.99,1967.93,255084
2013-12-13,1963.04,1963.81,1947.44,1962.91,234102
2013-12-16,1960.60,1970.25,1956.63,1961.15,213506
2013-12-17,1977.94,1979.62,1962.22,1965.74,253888
2013-12-18,1971.85,1982.42,1966.18,1974.63,258664
2013-12-19,1996.79,1997.02,1969.95,1975.65,255817
2013-12-20,1973.12,1984.44,1972.59,1983.35,247065
2013-12-23,1993.45,2000.07,1989.00,1996.89,222998
2013-12-24,2000.24,2007.34,1994.34,2001.59,214694
2013-12-26,2004.25,2009.96,1997.34,1999.30,230531
2013-12-27,1994.05,2004.55,1987.58,2002.28,207767
2013-12-30,2004.32,2011.34,1998.61,2011.34,172231
2014-01-02,2013.11,2013.89,1967.19,1967.19,207770
2014-01-03,1963.72,1964.63,1936.15,1946.14,188529
2014-01-06,1947.62,1961.85,1943.74,1953.28,193630
2014-01-07,1947.65,1965.74,1947.08,1959.44,193027
2014-01-08,1965.50,1966.95,1950.02,1958.96,217070
2014-01-09,1962.30,1964.59,1946.11,1946.11,276402
2014-01-10,1949.53,1956.97,1931.16,1938.54,262993
2014-01-13,1947.38,1954.07,1942.83,1948.92,267942
2014-01-14,1942.79,1961.73,1939.31,1946.07,244063
2014-01-15,1956.43,1956.84,1945.87,1953.28,250867
2014-01-16,1957.91,1965.27,1955.79,1957.32,379567
2014-01-17,1958.50,1962.64,1943.13,1944.48,260911
2014-01-20,1945.99,1955.28,1934.38,1953.78,279527
2014-01-21,1955.26,1965.43,1949.56,1963.89,289327
2014-01-22,1960.46,1970.42,1959.57,1970.42,243857
2014-01-23,1968.77,1969.04,1947.01,1947.59,229385
2014-01-24,1941.55,1947.01,1924.49,1940.56,279237
2014-01-27,1905.91,1918.68,1899.76,1910.34,340433
2014-01-28,1907.18,1919.26,1904.05,1916.93,270495
2014-01-29,1925.93,1941.71,1925.52,1941.15,219931
2014-02-03,1930.09,1931.81,1917.64,1919.96,229649
2014-02-04,1894.96,1898.08,1885.53,1886.85,250976
2014-02-05,1897.95,1901.40,1888.47,1891.32,244029
2014-02-06,1897.35,1910.91,1897.35,1907.89,259441
2014-02-07,1922.45,1923.25,1910.90,1922.50,272962
2014-02-10,1928.13,1928.39,1916.40,1923.30,207959
2014-02-11,1924.45,1935.29,1920.55,1932.06,226381
2014-02-12,1942.23,1942.23,1933.54,1935.84,225374
2014-02-13,1936.62,1944.73,1924.39,1926.96,187857
2014-02-14,1930.14,1946.81,1930.14,1940.28,216591
2014-02-17,1951.74,1955.04,1942.94,1946.36,215468
2014-02-18,1946.88,1951.06,1935.60,1946.91,200447
2014-02-19,1944.70,1944.70,1932.44,1942.93,213564
2014-02-20,1932.90,1941.13,1927.53,1930.57,232323
2014-02-21,1948.03,1957.83,1946.68,1957.83,216316
2014-02-24,1958.06,1961.41,1943.86,1949.05,193814
2014-02-25,1958.30,1964.86,1955.70,1964.86,226039
2014-02-26,1963.45,1973.88,1955.92,1970.77,209148
2014-02-27,1969.85,1980.37,1965.70,1978.43,201056
2014-02-28,1976.48,1981.15,1972.65,1979.99,252826
2014-03-03,1967.90,1969.16,1955.11,1964.69,222622
2014-03-04,1954.58,1963.56,1952.61,1954.11,200370
2014-03-05,1973.28,1977.30,1970.28,1971.24,197699
2014-03-06,1973.67,1975.62,1968.17,1975.62,193740
2014-03-07,1979.70,1983.53,1968.66,1974.68,231557
2014-03-10,1967.63,1967.66,1951.96,1954.42,214944
2014-03-11,1957.22,1963.87,1951.20,1963.87,247468
2014-03-12,1957.67,1958.09,1930.48,1932.54,329924
2014-03-13,1940.35,1946.28,1931.75,1934.38,259620
2014-03-14,1916.07,1927.89,1913.64,1919.90,254026
2014-03-17,1921.15,1928.43,1919.61,1927.53,214930
2014-03-18,1941.12,1946.14,1931.83,1940.21,274288
2014-03-19,1947.34,1948.15,1935.27,1937.68,249083
2014-03-20,1934.15,1934.63,1919.37,1919.52,220601
2014-03-21,1930.24,1935.18,1927.85,1934.94,252871
2014-03-24,1937.06,1950.54,1937.06,1945.55,228281
2014-03-25,1940.90,1946.09,1936.62,1941.25,225161
2014-03-26,1954.60,1965.44,1953.69,1964.31,248946
2014-03-27,1963.66,1979.70,1963.10,1977.97,218061
2014-03-28,1972.63,1985.50,1971.25,1981.00,244600
2014-03-31,1988.73,1989.80,1973.05,1985.61,241041
2014-04-01,1983.78,1991.98,1976.06,1991.98,214642
2014-04-02,2000.13,2001.26,1995.08,1997.25,220913
2014-04-03,1999.42,2007.88,1992.16,1993.70,225726
2014-04-04,1987.84,1993.96,1985.76,1988.09,225636
2014-04-07,1984.29,1992.18,1978.63,1989.70,186350
2014-04-08,1977.61,1994.58,1977.61,1993.03,218149
2014-04-09,1997.98,2001.15,1992.12,1998.95,233699
2014-04-10,2007.71,2008.98,1995.79,2008.61,232447
2014-04-11,1985.28,1997.44,1985.16,1997.44,218126
2014-04-14,1993.81,2001.00,1993.07,1997.02,205712
2014-04-15,2008.49,2009.04,1990.34,1992.27,194527
2014-04-16,1994.31,1995.86,1986.25,1992.21,230741
2014-04-17,2000.47,2001.29,1984.98,1992.05,200186
2014-04-18,1998.52,2005.22,1998.26,2004.28,206507
2014-04-21,2006.21,2006.95,1993.53,1999.22,205579
2014-04-22,2000.94,2004.42,1991.47,2004.22,212020
2014-04-23,2010.06,2013.09,1999.78,2000.37,241735
2014-04-24,2006.38,2007.17,1993.18,1998.34,235075
2014-04-25,1996.61,1996.64,1971.66,1971.66,208364
2014-04-28,1969.04,1976.56,1969.04,1969.26,168833
2014-04-29,1974.67,1976.17,1960.36,1964.77,177609
2014-04-30,1973.56,1974.33,1955.15,1961.79,227318
2014-05-02,1966.29,1968.50,1956.32,1959.44,179541
2014-05-07,1964.19,1964.19,1939.55,1939.88,193041
2014-05-08,1945.94,1950.60,1934.72,1950.60,222431
2014-05-09,1953.48,1958.34,1949.64,1956.55,205210
2014-05-12,1956.26,1966.64,1950.91,1964.94,201644
2014-05-13,1973.08,1988.41,1969.60,1982.93,242163
2014-05-14,1990.99,2010.85,1990.79,2010.83,233872
2014-05-15,2007.88,2015.37,2006.38,2010.20,259392
2014-05-16,2003.48,2013.44,1997.27,2013.44,232530
2014-05-19,2013.79,2015.53,2002.89,2015.14,265596
2014-05-20,2011.85,2014.46,2004.32,2011.26,248337
2014-05-21,2003.48,2015.63,2001.74,2008.33,224091
2014-05-22,2015.41,2022.59,2011.60,2015.59,231079
2014-05-23,2013.09,2017.96,2011.76,2017.17,241806
2014-05-26,2016.21,2020.96,2008.14,2010.35,196576
2014-05-27,2014.87,2016.73,1988.44,1997.63,221792
2014-05-28,2000.26,2017.06,1997.89,2017.06,210651
2014-05-29,2020.67,2021.96,2009.23,2012.26,228539
2014-05-30,2015.37,2019.17,1994.96,1994.96,247325
2014-06-02,1998.81,2006.93,1995.69,2002.00,265591
2014-06-03,2006.31,2008.56,1990.72,2008.56,266745
2014-06-05,2007.20,2007.20,1986.95,1995.48,222092
2014-06-09,2004.73,2008.86,1986.53,1990.04,209610
2014-06-10,2000.89,2011.87,1996.21,2011.80,234933
2014-06-11,2009.51,2016.78,2006.73,2014.67,238049
2014-06-12,2013.60,2015.80,2003.57,2011.65,251876
2014-06-13,2005.55,2005.55,1984.04,1990.85,223113
2014-06-16,1986.86,1995.86,1985.30,1993.59,233604
2014-06-17,1994.89,2002.96,1991.53,2001.55,236597
2014-06-18,2002.26,2002.26,1987.03,1989.49,216850
2014-06-19,1994.23,1999.11,1985.89,1992.03,257886
2014-06-20,1990.71,1990.73,1965.12,1968.07,232659
2014-06-23,1975.10,1980.31,1971.61,1974.92,231738
2014-06-24,1976.24,1998.31,1976.24,1994.35,250605
2014-06-25,1992.69,1993.60,1980.78,1981.77,336654
2014-06-26,1983.00,1997.08,1982.48,1995.05,273508
2014-06-27,1990.90,1997.01,1983.88,1988.51,218845
2014-06-30,1996.13,2002.21,1992.65,2002.21,201128
2014-07-01,1993.29,1999.00,1987.89,1999.00,238871
2014-07-02,2008.00,2016.36,2002.40,2015.28,318423
2014-07-03,2015.99,2015.99,2007.86,2010.97,259914
2014-07-04,2018.35,2018.35,2005.84,2009.66,241514
2014-07-07,2007.53,2009.32,1998.03,2005.12,228339
2014-07-08,2003.55,2009.22,1997.87,2006.66,259357
2014-07-09,1997.57,2000.89,1992.42,2000.50,272746
2014-07-10,2004.63,2006.50,1999.96,2002.84,327639
2014-07-11,1988.93,1993.46,1985.53,1988.74,277018
2014-07-14,1998.26,2001.11,1993.57,1993.88,270389
2014-07-15,2004.93,2015.54,2004.49,2012.72,361202
2014-07-16,2015.67,2018.05,2008.99,2013.48,315167
2014-07-17,2020.52,2025.41,2018.77,2020.90,322695
2014-07-18,2007.12,2019.42,2006.01,2019.42,304521
2014-07-21,2028.02,2030.61,2016.42,2018.50,274627
2014-07-22,2021.18,2028.93,2017.76,2028.93,265888
2014-07-23,2032.73,2035.24,2025.00,2028.32,353511
2014-07-24,2032.94,2034.72,2021.22,2026.62,323591
2014-07-25,2030.04,2036.20,2027.33,2033.85,282770
2014-07-28,2035.96,2053.84,2035.96,2048.81,349019
2014-07-29,2054.03,2065.96,2053.41,2061.97,408767
2014-07-30,2064.47,2093.08,2062.88,2082.61,343286
2014-07-31,2081.75,2090.57,2070.78,2076.12,383727
2014-08-01,2063.71,2079.81,2062.54,2073.10,271966
2014-08-04,2080.77,2083.05,2067.17,2080.42,253202
2014-08-05,2076.17,2077.73,2058.92,2066.26,346821
2014-08-06,2062.93,2068.08,2055.68,2060.73,377267
2014-08-07,2062.24,2063.53,2047.75,2054.51,292936
2014-08-08,2049.51,2051.06,2026.56,2031.10,354821
2014-08-11,2048.18,2048.18,2037.80,2039.37,285843
2014-08-12,2048.39,2055.85,2038.14,2041.47,312800
2014-08-13,2046.68,2062.36,2043.11,2062.36,280664
2014-08-14,2065.69,2073.42,2056.06,2063.22,270849
2014-08-18,2070.95,2073.05,2053.13,2053.13,300419
2014-08-19,2065.19,2074.43,2064.34,2071.14,327123
2014-08-20,2080.77,2082.21,2063.61,2072.78,315355
2014-08-21,2067.63,2068.22,2041.91,2044.21,307795
2014-08-22,2048.24,2058.46,2046.54,2056.70,277858
2014-08-25,2049.16,2062.23,2044.20,2060.89,272045
2014-08-26,2069.07,2072.42,2065.15,2068.05,288908
2014-08-27,2075.45,2081.83,2070.77,2074.93,337612
2014-08-28,2083.03,2088.86,2072.14,2075.76,305877
2014-08-29,2070.73,2073.03,2060.14,2068.54,301374
2014-09-01,2067.80,2072.59,2062.30,2067.86,272469
2014-09-02,2065.97,2066.00,2049.15,2051.58,323115
2014-09-03,2050.09,2054.08,2040.44,2051.20,337971
2014-09-04,2059.05,2065.27,2050.79,2056.26,376388
2014-09-05,2053.18,2059.04,2044.68,2049.41,343350
2014-09-11,2046.97,2052.16,2034.13,2034.16,333410
2014-09-12,2042.51,2048.21,2037.37,2041.86,362672
2014-09-15,2039.03,2040.08,2028.80,2035.82,297606
2014-09-16,2039.92,2045.65,2036.23,2042.92,365691
2014-09-17,2052.06,2062.62,2051.11,2062.61,351669
2014-09-18,2058.21,2063.26,2044.17,2047.74,394273
2014-09-19,2057.56,2062.37,2053.66,2053.82,397737
2014-09-22,2053.30,2053.30,2032.36,2039.27,323891
2014-09-23,2028.90,2036.25,2025.16,2028.91,427814
2014-09-24,2024.75,2036.26,2019.91,2035.64,332586
2014-09-25,2045.66,2046.26,2030.09,2034.11,325375
2014-09-26,2019.17,2031.65,2018.70,2031.64,313524
2014-09-29,2035.93,2036.44,2021.37,2026.60,339588
2014-09-30,2023.18,2029.17,2007.30,2020.09,322812
2014-10-01,2013.47,2013.47,1989.84,1991.54,351581
2014-10-02,1984.43,1985.06,1966.17,1976.16,322656
2014-10-06,1987.89,1988.39,1968.30,1968.39,325078
2014-10-07,1979.83,1982.96,1966.22,1972.91,328234
2014-10-08,1957.90,1974.27,1957.90,1965.25,266180
2014-10-10,1953.98,1953.98,1931.88,1940.92,342823
2014-10-13,1919.48,1932.37,1918.48,1927.21,308918
2014-10-14,1933.45,1940.21,1926.87,1929.25,335506
2014-10-15,1932.11,1938.85,1918.77,1925.91,310342
2014-10-16,1911.45,1922.94,1904.77,1918.83,313611
2014-10-17,1923.51,1923.51,1896.54,1900.66,362078
2014-10-20,1918.84,1933.12,1917.54,1930.06,344669
2014-10-21,1923.62,1923.62,1911.03,1915.28,405921
2014-10-22,1936.91,1936.99,1924.21,1936.97,399095
2014-10-23,1932.43,1944.45,1924.14,1931.65,372833
2014-10-24,1942.46,1942.72,1916.84,1925.69,419428
2014-10-27,1933.91,1939.25,1929.26,1931.97,408840
2014-10-28,1935.46,1936.28,1924.37,1925.68,414616
2014-10-29,1938.80,1961.49,1931.59,1961.17,396615
2014-10-30,1956.92,1959.49,1944.24,1958.93,311049
2014-10-31,1963.26,1967.08,1951.07,1964.43,349405
2014-11-03,1959.66,1961.04,1947.83,1952.97,344497
2014-11-04,1950.15,1956.73,1928.52,1935.19,391713
2014-11-05,1938.61,1944.50,1928.99,1931.43,332277
2014-11-06,1933.45,1939.32,1923.05,1936.48,360571
2014-11-07,1935.75,1943.26,1932.17,1939.87,255424
2014-11-10,1952.79,1965.35,1952.79,1958.23,313262
2014-11-11,1957.87,1965.41,1956.23,1963.00,311396
2014-11-12,1965.21,1974.69,1961.66,1967.27,348499
2014-11-13,1970.64,1973.33,1954.88,1960.51,332595
2014-11-14,1959.64,1959.64,1940.49,1945.14,314797
2014-11-17,1941.83,1948.33,1935.95,1943.63,277521
2014-11-18,1951.93,1967.01,1951.93,1967.01,251273
2014-11-19,1974.41,1974.41,1959.21,1966.87,279559
2014-11-20,1960.72,1962.69,1952.44,1958.04,339217
2014-11-21,1966.89,1969.43,1959.81,1964.84,345924
2014-11-24,1982.48,1985.18,1974.37,1978.54,325448
2014-11-25,1981.52,1981.85,1973.80,1980.21,283188
2014-11-26,1984.83,1985.43,1972.95,1980.84,253288
2014-11-27,1993.65,1994.82,1982.08,1982.09,295509
2014-11-28,1983.22,1984.73,1975.66,1980.78,340696
2014-12-01,1971.95,1971.97,1962.15,1965.22,333977
2014-12-02,1959.40,1965.83,1954.40,1965.83,317912
2014-12-03,1969.57,1973.96,1964.77,1969.91,271112
2014-12-04,1976.30,1988.56,1976.10,1986.61,244390
2014-12-05,1986.60,1989.17,1983.36,1986.62,305548
2014-12-08,1988.80,1990.04,1976.89,1978.95,295139
2014-12-09,1977.05,1977.15,1968.85,1970.95,541162
2014-12-10,1964.04,1966.11,1943.27,1945.56,367890
2014-12-11,1930.46,1937.23,1916.49,1916.59,343635
2014-12-12,1921.61,1926.67,1915.00,1921.71,363470
2014-12-15,1903.12,1920.43,1899.61,1920.36,294421
2014-12-16,1909.01,1919.60,1901.13,1904.13,369417
2014-12-17,1913.28,1913.28,1900.16,1900.16,307269
2014-12-18,1917.67,1919.24,1881.73,1897.50,337298
2014-12-19,1920.75,1930.08,1914.27,1929.98,291792
2014-12-22,1938.16,1944.20,1928.89,1943.12,324535
2014-12-23,1942.12,1944.75,1936.75,1939.02,300797
2014-12-24,1940.76,1947.35,1936.74,1946.61,283866
2014-12-26,1947.60,1954.77,1944.22,1948.16,297006
2014-12-29,1937.27,1941.33,1927.83,1927.86,265809
2014-12-30,1934.51,1937.55,1910.78,1915.59,256437
2015-01-02,1914.24,1929.15,1909.67,1926.44,258776
2015-01-05,1921.96,1921.96,1903.37,1915.75,313443
2015-01-06,1895.48,1900.02,1877.38,1882.45,303688
2015-01-07,1878.90,1887.60,1876.27,1883.83,280510
2015-01-08,1895.85,1907.23,1891.77,1904.65,262207
2015-01-09,1919.80,1929.10,1915.85,1924.70,308781
2015-01-12,1918.18,1924.66,1917.88,1920.95,311915
2015-01-13,1915.03,1920.77,1910.27,1917.14,338989
2015-01-14,1919.31,1925.68,1913.51,1913.66,297517
2015-01-15,1914.06,1919.69,1908.60,1914.14,266544
2015-01-16,1907.07,1907.07,1885.62,1888.13,298733
2015-01-19,1902.81,1912.42,1900.26,1902.62,281120
2015-01-20,1908.62,1918.85,1907.97,1918.31,280895
2015-01-21,1917.33,1921.88,1909.86,1921.23,300843
2015-01-22,1926.01,1932.50,1916.56,1920.82,343132
2015-01-23,1945.36,1945.36,1930.65,1936.09,367702
2015-01-26,1928.26,1936.40,1924.14,1935.68,330607
2015-01-27,1941.90,1952.41,1940.72,1952.40,466962
2015-01-28,1946.71,1963.53,1943.59,1961.58,400930
2015-01-29,1950.83,1960.12,1946.20,1951.02,391034
2015-01-30,1964.13,1964.13,1948.60,1949.26,441477
2015-02-02,1947.91,1956.10,1944.58,1952.68,364831
2015-02-03,1960.11,1960.35,1940.74,1951.96,369978
2015-02-04,1963.37,1970.27,1961.57,1962.79,348032
2015-02-05,1961.15,1962.15,1945.42,1952.84,395653
2015-02-06,1955.13,1955.52,1945.82,1955.52,309818
2015-02-09,1949.50,1952.86,1944.79,1947.00,310182
2015-02-10,1949.30,1954.20,1935.86,1935.86,329203
2015-02-11,1942.34,1948.89,1937.95,1945.70,307454
2015-02-12,1947.21,1947.47,1932.75,1941.63,334825
2015-02-13,1949.32,1957.50,1946.94,1957.50,351080
2015-02-16,1960.03,1963.44,1955.39,1958.23,350944
2015-02-17,1955.77,1962.97,1952.33,1961.45,304531
2015-02-23,1974.44,1976.96,1966.77,1968.39,347581
2015-02-24,1975.65,1980.38,1972.61,1976.12,309544
2015-02-25,1988.47,1992.03,1984.53,1990.47,369498
2015-02-26,1993.27,1993.43,1983.94,1993.08,385656
2015-02-27,1992.76,1993.34,1982.50,1985.80,424548
2015-03-02,1996.72,1999.13,1988.33,1996.81,373366
2015-03-03,2002.50,2003.05,1995.93,2001.38,444865
2015-03-04,2001.76,2003.85,1996.50,1998.29,374540
2015-03-05,1996.81,2002.48,1993.92,1998.38,373683
2015-03-06,2003.97,2013.73,2003.18,2012.94,393347
2015-03-09,2004.94,2005.81,1990.87,1992.82,296747
2015-03-10,2000.66,2003.19,1982.22,1984.77,433405
2015-03-11,1971.04,1984.60,1969.13,1980.83,399532
2015-03-12,1979.22,1988.77,1970.59,1970.59,384041
2015-03-13,1987.17,1991.87,1982.96,1985.79,326707
2015-03-16,1985.59,1991.79,1982.26,1987.33,319163
2015-03-17,1998.26,2029.91,1997.27,2029.91,356554
2015-03-18,2032.19,2036.13,2026.72,2028.45,362009
2015-03-19,2047.13,2047.13,2031.07,2037.89,468284
2015-03-20,2037.13,2040.00,2027.81,2037.24,351732
2015-03-23,2043.22,2043.92,2032.35,2036.59,314897
2015-03-24,2035.08,2041.77,2028.54,2041.37,328834
2015-03-25,2043.16,2046.97,2038.14,2042.81,423409
2015-03-26,2027.20,2036.70,2019.51,2022.56,342261
2015-03-27,2026.75,2027.25,2016.88,2019.80,448964
2015-03-30,2026.60,2033.27,2018.12,2030.04,439556
2015-03-31,2042.31,2046.90,2032.24,2041.03,555933
2015-04-01,2035.40,2039.04,2024.64,2028.45,542801
2015-04-02,2036.90,2040.45,2028.22,2029.07,655864
2015-04-03,2035.83,2045.94,2031.27,2045.42,498636
2015-04-06,2049.87,2055.45,2043.26,2046.43,460493
2015-04-07,2059.05,2059.09,2043.79,2047.03,436233
2015-04-08,2048.75,2060.19,2046.09,2059.26,552684
2015-04-09,2060.30,2064.46,2054.17,2058.87,529862
2015-04-10,2066.32,2089.09,2065.39,2087.76,658383
2015-04-13,2094.10,2099.97,2088.82,2098.92,561806
2015-04-14,2101.76,2111.73,2095.97,2111.72,648846
2015-04-15,2114.56,2122.72,2110.25,2119.96,451397
2015-04-16,2134.14,2139.90,2125.54,2139.90,476420
2015-04-17,2142.72,2144.76,2134.10,2143.50,464627
2015-04-20,2126.55,2146.73,2126.55,2146.71,509037
2015-04-21,2153.42,2153.84,2140.12,2144.79,561781
2015-04-22,2146.59,2161.23,2125.88,2143.89,769387
2015-04-23,2156.94,2174.72,2139.33,2173.41,521587
2015-04-24,2181.24,2189.54,2154.27,2159.80,508420
2015-04-27,2169.14,2169.14,2152.09,2157.54,392339
2015-04-28,2162.50,2164.52,2144.85,2147.67,415055
2015-04-29,2155.01,2156.24,2126.36,2142.63,458065
2015-04-30,2134.94,2136.90,2121.29,2127.17,509130
2015-05-04,2134.51,2139.30,2128.72,2132.23,355620
2015-05-06,2122.03,2123.22,2095.60,2104.58,428092
2015-05-07,2098.48,2099.44,2067.99,2091.00,423246
2015-05-08,2090.19,2094.06,2082.72,2085.52,309505
2015-05-11,2106.12,2110.79,2097.38,2097.38,329704
2015-05-12,2100.63,2101.72,2088.64,2096.77,391924
2015-05-13,2100.10,2115.36,2100.08,2114.16,377032
2015-05-14,2115.59,2121.68,2111.72,2120.33,430833
2015-05-15,2132.53,2134.36,2104.77,2106.50,491706
2015-05-18,2108.15,2113.72,2099.48,2113.72,445155
2015-05-19,2114.29,2126.89,2107.62,2120.85,418480
2015-05-20,2128.01,2140.24,2125.49,2139.54,452114
2015-05-21,2139.68,2140.60,2121.49,2122.81,398146
2015-05-22,2131.11,2146.10,2126.88,2146.10,444585
2015-05-26,2146.47,2148.70,2130.30,2143.50,381383
2015-05-27,2133.49,2134.95,2103.64,2107.50,439029
2015-05-28,2117.77,2123.52,2110.89,2110.89,416116
2015-05-29,2109.38,2123.39,2106.70,2114.80,456143
2015-06-01,2110.12,2110.88,2086.00,2102.37,426928
2015-06-02,2102.62,2107.17,2076.16,2078.64,520056
2015-06-03,2078.51,2087.95,2059.34,2063.16,541167
2015-06-04,2070.49,2082.60,2062.75,2072.86,400364
2015-06-05,2062.22,2075.02,2060.91,2068.10,394291
2015-06-08,2068.51,2068.51,2056.50,2065.19,393564
2015-06-09,2063.40,2073.75,2057.21,2064.03,421881
2015-06-10,2079.13,2080.03,2049.13,2051.32,427361
2015-06-11,2065.07,2065.07,2051.10,2056.61,457020
2015-06-12,2068.45,2074.78,2044.87,2052.17,388258
2015-06-15,2041.07,2049.68,2033.72,2042.32,313946
2015-06-16,2045.01,2045.77,2008.46,2028.72,381408
2015-06-17,2035.48,2037.12,2021.50,2034.86,354723
2015-06-18,2046.19,2052.00,2036.78,2041.88,390973
2015-06-19,2056.54,2057.71,2044.71,2046.96,400329
2015-06-22,2059.60,2068.07,2050.30,2055.16,266962
2015-06-23,2071.30,2086.09,2066.21,2081.20,329799
2015-06-24,2086.69,2087.68,2076.78,2085.53,400754
2015-06-25,2077.84,2088.16,2073.95,2085.06,575912
2015-06-26,2083.40,2097.01,2080.79,2090.26,492774
2015-06-29,2056.44,2068.85,2054.33,2060.49,503807
2015-06-30,2054.83,2075.02,2049.44,2074.20,392413
2015-07-01,2077.27,2100.34,2072.54,2097.89,471566
2015-07-02,2107.11,2110.81,2098.76,2107.33,565339
2015-07-03,2107.51,2109.68,2094.02,2104.41,419549
2015-07-06,2076.06,2089.86,2052.23,2053.93,474043
2015-07-07,2067.04,2067.93,2028.98,2040.29,502809
2015-07-08,2045.88,2046.33,2010.83,2016.21,453118
2015-07-09,2000.19,2027.81,1983.78,2027.81,408458
2015-07-10,2036.89,2037.84,2024.76,2031.17,381307
2015-07-13,2033.25,2063.28,2030.21,2061.52,426287
2015-07-14,2070.44,2070.44,2052.21,2059.23,503078
2015-07-15,2068.38,2079.90,2060.66,2072.91,619129
2015-07-16,2073.29,2088.33,2071.02,2087.89,697930
2015-07-17,2101.22,2101.22,2068.36,2076.79,819227
2015-07-20,2077.09,2081.43,2068.19,2073.31,870680
2015-07-21,2082.18,2088.24,2069.21,2083.62,727407
2015-07-22,2071.06,2075.94,2059.45,2064.73,1160824
2015-07-23,2068.93,2069.20,2053.52,2065.07,739793
2015-07-24,2060.66,2060.66,2040.30,2045.96,611869
2015-07-27,2034.82,2048.15,2032.44,2038.81,543243
2015-07-28,2026.33,2045.55,2015.91,2039.10,498527
2015-07-29,2053.62,2055.95,2037.62,2037.62,520573
2015-07-30,2040.24,2044.93,2019.03,2019.03,509318
2015-07-31,2026.98,2030.16,2004.70,2030.16,448192
2015-08-03,2026.25,2026.25,2005.21,2008.49,358746
2015-08-04,2007.75,2027.99,2007.66,2027.99,388790
2015-08-05,2027.22,2035.25,2022.98,2029.76,319212
2015-08-06,2037.26,2038.41,2011.60,2013.29,340507
2015-08-07,2009.39,2012.90,2001.13,2010.23,334578
2015-08-10,2008.44,2008.55,1993.96,2003.17,308327
2015-08-11,2020.15,2021.81,1986.46,1986.65,366408
2015-08-12,1980.04,1989.10,1948.91,1975.47,524252
2015-08-13,1975.47,1990.70,1966.02,1983.46,376591
2015-08-17,1991.05,1991.05,1968.44,1968.52,561574
2015-08-18,1977.61,1979.33,1954.35,1956.26,472766
2015-08-19,1954.56,1959.51,1915.91,1939.38,506786
2015-08-20,1929.43,1933.79,1912.55,1914.55,397527
2015-08-21,1862.79,1886.49,1856.91,1876.07,512314
2015-08-24,1860.03,1872.86,1800.75,1829.81,415178
2015-08-25,1840.94,1864.30,1806.79,1846.63,451587
2015-08-26,1843.70,1895.45,1835.58,1894.09,453387
2015-08-27,1912.42,1920.39,1898.98,1908.00,482661
2015-08-28,1932.39,1938.61,1927.39,1937.67,446751
2015-08-31,1934.12,1941.49,1925.52,1941.49,350943
2015-09-01,1934.44,1939.67,1914.22,1914.23,324479
2015-09-02,1886.14,1920.62,1883.50,1915.22,342022
2015-09-03,1929.78,1931.19,1911.17,1915.53,297283
2015-09-04,1921.81,1923.06,1879.94,1886.04,361090
2015-09-07,1883.36,1895.99,1870.59,1883.22,288157
2015-09-08,1889.14,1894.56,1868.48,1878.68,391891
2015-09-09,1903.28,1934.20,1902.93,1934.20,516171
2015-09-10,1918.42,1962.11,1915.44,1962.11,460345
2015-09-11,1942.88,1951.26,1939.73,1941.37,503010
2015-09-14,1947.65,1948.02,1921.45,1931.46,362915
2015-09-15,1930.44,1938.90,1927.62,1937.56,390824
2015-09-16,1949.49,1978.68,1949.15,1975.45,584758
2015-09-17,1989.07,1989.07,1972.93,1976.49,510173
2015-09-18,1978.39,1996.47,1964.12,1995.95,523798
2015-09-21,1973.24,1980.80,1960.11,1964.68,376423
2015-09-22,1973.54,1983.99,1966.05,1982.06,696372
2015-09-23,1960.33,1968.16,1944.51,1944.64,856989
2015-09-24,1956.94,1958.73,1944.31,1947.10,921265
2015-09-25,1948.30,1951.94,1932.49,1942.85,796574
2015-09-30,1915.46,1962.84,1915.04,1962.81,546992
2015-10-01,1963.55,1986.01,1958.63,1979.32,678978
2015-10-02,1979.41,1985.57,1969.68,1969.68,1030977
2015-10-05,1981.60,1994.65,1975.55,1978.25,545634
2015-10-06,1996.29,1998.02,1985.17,1990.65,661636
2015-10-07,1995.87,2006.24,1994.55,2005.84,761720
2015-10-08,2016.36,2020.19,1998.66,2019.53,700993
2015-10-12,2022.33,2030.92,2015.43,2021.63,635085
2015-10-13,2021.20,2024.50,2010.16,2019.05,604996
2015-10-14,2014.47,2016.14,2002.63,2009.55,644803
2015-10-15,2008.29,2035.80,2007.46,2033.27,498901
2015-10-16,2037.98,2038.06,2025.19,2030.26,550798
2015-10-19,2032.36,2036.30,2022.25,2030.27,726843
2015-10-20,2031.50,2040.24,2026.67,2039.36,958060
2015-10-21,2039.25,2053.95,2035.59,2042.98,668945
2015-10-22,2040.43,2042.57,2019.53,2023.00,695814
2015-10-23,2043.67,2054.82,2036.92,2040.40,648999
2015-10-26,2049.41,2049.60,2039.97,2048.08,459950
2015-10-27,2043.52,2045.81,2036.22,2044.65,449155
2015-10-28,2045.67,2045.67,2032.39,2042.51,402201
2015-10-29,2050.97,2064.72,2032.56,2034.16,481349
2015-10-30,2034.78,2038.56,2027.80,2029.47,380671
2015-11-02,2033.15,2036.05,2028.20,2035.24,366382
2015-11-03,2042.60,2053.24,2040.75,2048.40,591737
2015-11-04,2053.51,2056.12,2042.38,2052.77,545086
2015-11-05,2049.30,2050.44,2039.93,2049.41,349079
2015-11-06,2048.17,2055.14,2038.46,2041.07,465030
2015-11-09,2038.59,2038.59,2022.52,2025.70,435389
2015-11-10,2015.45,2015.45,1988.54,1996.59,417458
2015-11-11,1993.81,2001.73,1983.14,1997.27,286567
2015-11-12,1997.32,1998.66,1991.28,1993.36,389445
2015-11-13,1975.97,1981.27,1969.71,1973.29,342313
2015-11-16,1945.68,1956.09,1942.85,1943.02,433427
2015-11-17,1967.36,1974.08,1959.22,1963.58,417559
2015-11-18,1967.25,1973.16,1961.43,1962.88,541860
2015-11-19,1976.94,1988.92,1972.85,1988.91,422517
2015-11-20,1988.96,1993.97,1985.93,1989.86,413656
2015-11-23,1995.92,2008.34,1992.86,2003.70,383231
2015-11-24,2004.29,2019.95,2003.06,2016.29,417005
2015-11-25,2018.24,2018.93,2007.91,2009.42,391647
2015-11-26,2014.88,2033.18,2014.88,2030.68,454457
2015-11-27,2038.71,2038.72,2026.40,2028.99,481951
2015-11-30,2022.38,2022.38,1987.12,1991.97,452866
2015-12-01,2001.51,2026.33,2001.51,2023.93,573342
2015-12-02,2026.08,2026.19,2009.29,2009.29,631315
2015-12-03,2000.20,2000.20,1981.59,1994.07,365870
2015-12-04,1972.16,1983.02,1970.48,1974.40,379466
2015-12-07,1987.62,1988.04,1963.66,1963.67,382133
2015-12-08,1964.22,1971.07,1948.43,1949.04,406176
2015-12-09,1951.39,1956.70,1944.78,1948.24,378095
2015-12-10,1947.21,1956.84,1940.40,1952.07,377849
2015-12-11,1952.82,1961.00,1943.67,1948.62,380713
2015-12-14,1926.36,1930.40,1919.22,1927.82,439741
2015-12-15,1935.82,1938.04,1925.75,1932.97,434738
2015-12-16,1950.15,1975.63,1950.05,1969.40,475098
2015-12-17,1984.06,1987.83,1967.64,1977.96,379574
2015-12-18,1960.32,1981.42,1958.12,1975.32,677729
2015-12-21,1974.26,1986.66,1968.14,1981.19,539596
2015-12-22,1984.37,1992.72,1971.32,1992.56,577236
2015-12-23,1994.20,2007.42,1989.30,1999.22,502367
2015-12-24,2009.34,2009.99,1990.65,1990.65,504620
2015-12-28,1990.59,1991.19,1964.06,1964.06,396643
2015-12-29,1956.49,1968.57,1946.21,1966.31,401428
2015-12-30,1973.03,1974.67,1958.78,1961.31,304463
2016-01-04,1954.47,1954.52,1918.76,1918.76,359018
2016-01-05,1911.93,1937.57,1911.93,1930.53,446549
2016-01-06,1934.25,1934.25,1911.61,1925.43,594613
2016-01-07,1915.71,1926.41,1901.24,1904.33,393042
2016-01-08,1889.42,1918.25,1883.82,1917.62,430204
2016-01-11,1897.18,1907.43,1892.69,1894.84,328768
2016-01-12,1907.61,1910.59,1888.94,1890.86,295136
2016-01-13,1904.33,1921.00,1902.49,1916.28,265221
2016-01-14,1893.18,1900.48,1882.02,1900.01,310979
2016-01-15,1915.83,1918.30,1873.35,1878.87,312360
2016-01-18,1856.03,1882.21,1854.55,1878.45,276937
2016-01-19,1879.80,1889.90,1866.76,1889.64,335321
2016-01-20,1885.36,1885.36,1830.06,1845.45,407299
2016-01-21,1848.10,1860.02,1838.04,1840.53,433742
2016-01-22,1860.30,1879.43,1859.54,1879.43,408460
2016-01-25,1890.15,1901.22,1882.74,1893.43,315304
2016-01-26,1881.87,1884.13,1862.98,1871.69,298825
2016-01-27,1888.07,1902.03,1883.39,1897.87,348905
2016-01-28,1885.38,1907.56,1877.78,1906.94,354306
2016-01-29,1905.01,1912.07,1888.48,1912.06,386555
2016-02-01,1919.62,1926.11,1912.85,1924.82,440317
2016-02-02,1914.96,1920.02,1906.06,1906.60,412273
2016-02-03,1893.83,1894.72,1882.75,1890.67,408595
2016-02-04,1900.48,1917.09,1897.18,1916.26,365805
2016-02-05,1914.55,1921.76,1910.31,1917.79,305767
2016-02-11,1872.68,1877.77,1858.90,1861.54,386428
2016-02-12,1850.67,1857.12,1817.97,1835.28,470500
2016-02-15,1857.33,1864.62,1847.60,1862.20,284595
2016-02-16,1870.10,1892.15,1868.11,1888.30,388318
2016-02-17,1889.41,1897.37,1881.03,1883.94,344629
2016-02-18,1909.40,1910.12,1898.49,1908.84,332576
2016-02-19,1904.50,1916.24,1902.24,1916.24,312198
2016-02-22,1911.56,1921.14,1905.85,1916.36,267859
2016-02-23,1928.85,1929.53,1909.79,1914.22,326811
2016-02-24,1908.71,1918.63,1906.19,1912.53,281601
2016-02-25,1919.08,1928.49,1906.99,1918.57,305790
2016-02-26,1927.10,1927.80,1917.07,1920.16,280217
2016-02-29,1921.76,1927.05,1916.66,1916.66,275052
2016-03-02,1944.27,1949.94,1942.24,1947.42,323352
2016-03-03,1957.83,1958.17,1946.57,1958.17,420984
2016-03-04,1956.01,1958.46,1949.47,1955.63,316418
2016-03-07,1961.26,1963.43,1955.97,1957.87,344613
2016-03-08,1958.94,1958.94,1935.55,1946.12,358685
2016-03-09,1940.55,1952.95,1938.32,1952.95,355392
2016-03-10,1958.87,1976.19,1955.67,1969.33,352325
2016-03-11,1968.30,1975.87,1966.65,1971.41,303419
2016-03-14,1985.74,1985.90,1970.56,1972.27,357078
2016-03-15,1975.61,1979.46,1966.44,1969.97,264583
2016-03-16,1971.58,1982.08,1969.66,1974.90,294461
2016-03-17,1984.69,2000.30,1984.33,1987.99,291578
2016-03-18,1996.31,1996.31,1986.04,1992.12,385848
2016-03-21,1999.25,2003.12,1982.70,1989.76,323260
2016-03-22,1993.37,1997.76,1986.87,1996.81,383752
2016-03-23,1996.47,2001.67,1989.84,1995.12,367551
2016-03-24,1988.46,1992.76,1981.17,1985.97,341173
2016-03-25,1991.06,1991.06,1981.53,1983.81,463422
2016-03-28,1984.93,1992.46,1981.37,1982.54,410468
2016-03-29,1986.93,1997.33,1984.07,1994.91,385454
2016-03-30,2005.24,2009.10,1998.51,2002.14,368305
2016-03-31,2005.72,2007.43,1986.74,1995.85,335074
2016-04-01,1994.77,1994.77,1970.17,1973.57,392258
2016-04-04,1974.73,1979.03,1969.35,1978.97,363317
2016-04-05,1972.38,1973.17,1959.26,1962.74,368165
2016-04-06,1963.17,1975.09,1961.51,1971.32,358032
2016-04-07,1978.75,1980.43,1964.99,1973.89,434062
2016-04-08,1961.29,1972.12,1954.11,1972.05,400616
2016-04-11,1972.25,1973.90,1963.21,1970.37,379537
2016-04-12,1970.50,1981.73,1968.50,1981.32,387319
2016-04-14,2004.15,2016.03,2000.83,2015.93,473520
2016-04-15,2013.38,2016.95,2008.68,2014.71,317710
2016-04-18,2001.35,2009.55,1998.49,2009.10,339248
2016-04-19,2015.10,2020.29,2007.68,2011.36,401236
2016-04-20,2017.05,2023.77,2005.82,2005.83,423964
2016-04-21,2014.60,2022.10,2009.45,2022.10,392096
2016-04-22,2014.93,2017.90,2010.94,2015.49,480471
2016-04-25,2016.05,2016.65,2007.18,2014.55,397675
2016-04-26,2013.26,2021.59,2011.85,2019.63,509282
2016-04-27,2019.31,2019.86,2012.75,2015.40,412803
2016-04-28,2020.83,2022.99,1998.60,2000.93,341143
2016-04-29,1998.68,1999.34,1983.30,1994.15,401063
2016-05-02,1991.84,1991.84,1977.03,1978.15,328195
2016-05-03,1988.34,1989.41,1979.66,1986.41,310492
2016-05-04,1978.24,1982.38,1969.22,1976.71,352696
2016-05-09,1974.52,1976.14,1962.92,1967.81,342189
2016-05-10,1965.86,1982.50,1964.90,1982.50,369085
2016-05-11,1989.17,1989.17,1970.48,1980.10,398532
2016-05-12,1973.28,1981.49,1970.54,1977.49,462882
2016-05-13,1979.97,1980.45,1962.77,1966.99,509123
2016-05-16,1961.91,1970.53,1961.32,1967.91,526718
2016-05-17,1973.86,1975.10,1962.57,1968.06,597583
2016-05-18,1962.78,1964.34,1945.56,1956.73,696273
2016-05-19,1953.91,1954.29,1942.48,1946.78,505920
2016-05-20,1943.84,1951.50,1940.36,1947.67,388052
2016-05-23,1954.26,1956.77,1940.44,1955.25,399514
2016-05-24,1951.18,1951.39,1937.67,1937.68,517076
2016-05-25,1953.63,1964.91,1951.17,1960.51,656874
2016-05-26,1965.81,1967.45,1955.97,1957.06,558264
2016-05-27,1962.33,1971.27,1959.75,1969.17,523531
2016-05-30,1969.72,1970.54,1955.49,1967.13,550503
2016-05-31,1962.47,1984.18,1958.16,1983.40,657045
2016-06-01,1976.87,1986.76,1975.82,1982.72,502290
2016-06-02,1983.86,1988.00,1978.82,1985.11,474228
2016-06-03,1991.58,1991.58,1979.66,1985.84,540859
2016-06-07,1993.08,2011.67,1992.77,2011.63,481348
2016-06-08,2013.72,2027.09,2008.59,2027.08,497935
2016-06-09,2028.02,2035.27,2012.14,2024.17,599681
2016-06-10,2022.77,2022.77,2014.15,2017.63,404303
2016-06-13,2001.03,2001.79,1976.69,1979.06,443002
2016-06-14,1976.80,1982.32,1965.34,1972.03,439937
2016-06-15,1972.00,1975.87,1960.97,1968.83,376769
2016-06-16,1971.53,1974.01,1944.80,1951.99,438794
2016-06-17,1966.23,1970.54,1949.60,1953.40,485269
2016-06-20,1974.43,1984.07,1969.56,1981.12,391345
2016-06-21,1977.80,1983.87,1971.99,1982.70,557437
2016-06-22,1981.78,1994.76,1979.37,1992.58,407435
2016-06-23,1989.42,1990.71,1980.14,1986.71,455390
2016-06-24,2001.55,2001.55,1892.75,1925.24,750546
2016-06-27,1901.85,1926.87,1900.83,1926.85,394266
2016-06-28,1907.71,1937.99,1907.49,1936.22,373459
2016-06-29,1946.31,1966.21,1941.90,1956.36,451186
2016-06-30,1971.54,1972.81,1959.28,1970.35,349863
2016-07-01,1977.36,1993.98,1975.89,1987.32,448128
2016-07-04,1989.44,1997.37,1985.11,1995.30,468611
2016-07-05,1995.69,1996.77,1985.94,1989.85,405487
2016-07-06,1980.11,1982.80,1944.33,1953.12,457439
2016-07-07,1963.30,1976.49,1959.83,1974.08,378755
2016-07-08,1972.28,1979.75,1956.91,1963.10,356527
2016-07-11,1979.36,1990.95,1977.81,1988.54,337764
2016-07-12,1991.13,1998.03,1986.45,1991.23,432650
2016-07-13,2007.65,2013.60,1995.84,2005.55,357643
2016-07-14,2004.12,2009.67,1997.94,2008.77,340227
2016-07-15,2015.37,2022.34,2011.10,2017.26,477808
2016-07-18,2018.22,2022.11,2012.30,2021.11,380092
2016-07-19,2022.80,2023.22,2010.27,2016.89,380798
2016-07-20,2013.40,2015.47,2003.87,2015.46,316336
2016-07-21,2019.36,2020.55,2007.59,2012.22,391049
2016-07-22,2005.37,2014.44,2002.66,2010.34,320954
2016-07-25,2014.74,2020.69,2006.63,2012.32,350231
2016-07-26,2009.40,2027.34,2008.25,2027.34,338607
2016-07-27,2027.07,2030.69,2021.15,2025.05,411661
2016-07-28,2029.07,2029.38,2014.36,2021.10,350881
2016-07-29,2023.24,2028.99,2016.19,2016.19,366385
2016-08-01,2024.71,2031.58,2024.57,2029.61,369588
2016-08-02,2023.55,2026.10,2017.59,2019.03,409940
2016-08-03,2008.68,2008.68,1993.00,1994.79,485853
2016-08-04,2006.08,2006.48,1994.73,2000.03,326514
2016-08-05,2006.23,2018.16,2004.37,2017.94,289293
2016-08-08,2025.55,2031.14,2018.81,2031.12,270485
2016-08-09,2033.52,2046.03,2032.18,2043.78,436717
2016-08-10,2043.03,2049.36,2039.86,2044.64,331092
2016-08-11,2042.64,2048.80,2035.25,2048.80,346082
2016-08-12,2053.82,2060.84,2046.15,2050.47,376489
2016-08-16,2056.00,2063.09,2047.73,2047.76,374873
2016-08-17,2045.37,2048.29,2032.53,2043.75,391715
2016-08-18,2048.15,2056.09,2041.90,2055.47,353081
2016-08-19,2057.90,2059.30,2049.52,2056.24,392319
2016-08-22,2054.37,2054.71,2040.51,2042.16,343503
2016-08-23,2044.27,2051.43,2041.86,2049.93,360414
2016-08-24,2050.82,2052.74,2039.53,2043.76,285183
2016-08-25,2041.58,2046.00,2035.01,2042.92,277432
2016-08-26,2036.74,2039.91,2027.68,2037.50,288185
2016-08-29,2028.64,2034.63,2024.93,2032.35,316969
2016-08-30,2038.60,2049.99,2036.76,2039.74,378564
2016-08-31,2038.58,2041.17,2027.24,2034.65,400953
2016-09-01,2022.96,2032.72,2016.47,2032.72,300506
2016-09-02,2033.92,2039.18,2030.17,2038.31,342631
2016-09-05,2049.19,2061.00,2047.49,2060.08,572967
2016-09-06,2058.21,2067.77,2057.26,2066.53,462550
2016-09-07,2068.81,2073.89,2061.88,2061.88,687157
2016-09-08,2064.96,2070.66,2053.20,2063.73,656653
2016-09-09,2048.94,2049.30,2029.46,2037.87,392683
2016-09-12,2003.67,2011.04,1991.47,1991.48,422882
2016-09-13,2011.93,2013.03,1997.58,1999.36,437425
2016-09-19,1997.43,2019.45,1997.10,2015.78,434438
2016-09-20,2014.50,2026.56,2010.25,2025.71,362345
2016-09-21,2022.81,2035.99,2021.78,2035.99,525097
2016-09-22,2050.31,2060.26,2048.80,2049.70,447589
2016-09-23,2053.22,2057.35,2048.96,2054.07,494113
2016-09-26,2052.76,2060.71,2042.70,2047.11,359616
2016-09-27,2037.32,2064.89,2031.13,2062.82,664041
2016-09-28,2062.57,2062.98,2051.68,2053.06,546450
2016-09-29,2063.74,2072.09,2063.74,2068.72,416169
2016-09-30,2054.25,2056.33,2042.77,2043.63,326387
2016-10-04,2056.94,2059.25,2050.46,2054.86,318854
2016-10-05,2043.37,2056.01,2036.87,2053.00,292345
2016-10-06,2069.30,2070.43,2055.83,2065.30,337709
2016-10-07,2065.95,2067.49,2051.60,2053.80,422447
2016-10-10,2047.19,2058.73,2039.99,2056.82,314896
2016-10-11,2053.29,2060.78,2030.51,2031.93,343216
2016-10-12,2022.97,2037.02,2022.39,2033.73,297373
2016-10-13,2033.99,2035.93,2014.89,2015.44,440256
2016-10-14,2021.66,2028.76,2021.11,2022.66,458904
2016-10-17,2028.93,2033.56,2011.81,2027.61,333402
2016-10-18,2027.81,2040.72,2026.47,2040.43,305931
2016-10-19,2036.18,2050.51,2035.90,2040.94,321941
2016-10-20,2044.12,2048.25,2036.54,2040.60,276001
2016-10-21,2039.40,2040.40,2029.79,2033.00,260355
2016-10-24,2037.19,2047.74,2036.77,2047.74,252041
2016-10-25,2042.29,2042.65,2031.25,2037.17,299102
2016-10-26,2030.37,2030.37,2002.29,2013.89,392402
2016-10-27,2018.24,2026.33,2015.66,2024.12,298691
2016-10-28,2021.97,2026.85,2015.72,2019.42,270531
2016-10-31,2011.29,2016.01,2005.95,2008.19,400665
2016-11-01,2003.41,2010.51,1990.45,2007.39,321775
2016-11-02,1995.41,1997.46,1976.34,1978.94,333530
2016-11-03,1974.93,1988.82,1973.58,1983.80,272728
2016-11-04,1983.87,1985.29,1976.57,1982.02,227776
2016-11-07,1997.58,2001.74,1992.14,1997.58,210334
2016-11-08,2009.56,2010.17,1994.33,2003.38,239579
2016-11-09,2008.08,2015.23,1931.07,1958.38,709043
2016-11-10,1989.85,2002.60,1983.26,2002.60,433885
2016-11-11,1988.87,1994.05,1982.15,1984.43,386856
2016-11-14,1982.93,1988.65,1974.27,1974.40,352117
2016-11-15,1977.33,1978.94,1967.21,1967.53,375663
2016-11-16,1980.82,1985.67,1976.63,1979.65,306500
2016-11-17,1976.21,1983.87,1968.80,1980.55,272172
2016-11-18,1983.07,1983.26,1968.13,1974.58,306957
2016-11-21,1971.03,1976.23,1962.42,1966.05,223513
2016-11-22,1976.07,1986.82,1974.05,1983.47,231368
2016-11-23,1987.64,1996.65,1981.22,1987.95,308200
2016-11-24,1985.11,1988.96,1968.50,1971.26,235444
2016-11-25,1972.60,1978.45,1969.09,1974.46,201938
2016-11-28,1976.58,1983.43,1966.78,1978.13,213579
2016-11-29,1977.10,1982.53,1972.31,1978.39,214566
2016-11-30,1980.38,1988.44,1977.09,1983.48,233086
2016-12-01,1987.48,1989.08,1979.67,1983.75,217876
2016-12-02,1980.14,1981.64,1966.42,1970.61,243181
2016-12-05,1965.71,1971.24,1960.65,1963.36,237190
2016-12-06,1976.51,1993.47,1976.51,1989.86,214649
2016-12-07,1995.69,1997.62,1987.26,1991.89,204410
2016-12-08,2008.31,2031.07,2007.57,2031.07,239429
2016-12-09,2024.52,2026.83,2019.79,2024.69,225657
2016-12-12,2031.95,2031.95,2020.97,2027.24,289804
2016-12-13,2026.39,2035.99,2023.61,2035.98,383364
2016-12-14,2043.07,2044.42,2031.18,2036.87,384033
2016-12-15,2022.14,2040.62,2021.76,2036.65,300190
2016-12-16,2037.35,2043.60,2033.23,2042.24,289708
2016-12-19,2039.40,2046.03,2037.04,2038.39,249870
2016-12-20,2044.87,2047.38,2040.81,2041.94,314221
2016-12-21,2049.47,2053.46,2037.96,2037.96,284570
2016-12-22,2041.61,2042.90,2033.99,2035.73,275096
2016-12-23,2036.17,2037.71,2031.54,2035.90,310882
2016-12-26,2038.33,2039.76,2034.80,2037.75,366636
2016-12-27,2040.74,2044.43,2037.12,2042.17,384033
2016-12-28,2021.86,2029.69,2020.86,2024.49,356590
2016-12-29,2020.42,2026.57,2016.25,2026.46,264522
2017-01-02,2022.23,2031.79,2015.68,2026.16,229875
2017-01-03,2034.31,2044.07,2028.47,2043.97,268127
2017-01-04,2046.29,2046.29,2040.61,2045.64,371488
2017-01-05,2045.52,2046.50,2039.49,2041.95,541344
2017-01-06,2048.11,2051.84,2045.66,2049.12,455351
2017-01-09,2053.18,2053.18,2046.47,2048.78,398291
2017-01-10,2043.30,2046.78,2039.50,2045.12,512663
2017-01-11,2048.08,2079.70,2047.56,2075.17,335532
2017-01-12,2077.69,2087.14,2073.89,2087.14,555842
2017-01-13,2077.12,2080.94,2073.44,2076.79,518284
2017-01-16,2077.03,2080.05,2058.93,2064.17,683932
2017-01-17,2067.52,2078.80,2065.53,2071.87,601435
2017-01-18,2073.77,2075.23,2058.35,2070.54,530133
2017-01-19,2085.61,2091.02,2065.03,2072.79,415669
2017-01-20,2065.54,2072.32,2064.00,2065.61,392647
2017-01-23,2067.62,2073.80,2058.91,2065.99,444863
2017-01-24,2070.22,2072.66,2058.59,2065.76,312411
2017-01-25,2075.33,2077.72,2062.96,2066.94,311771
2017-01-26,2074.77,2088.60,2068.50,2083.59,257922
2017-01-31,2077.66,2079.97,2067.57,2067.57,288275
2017-02-01,2075.31,2082.70,2073.97,2080.48,452528
2017-02-02,2080.23,2092.45,2067.76,2071.01,825477
2017-02-03,2075.90,2079.85,2064.05,2073.16,392584
2017-02-06,2085.73,2088.37,2073.03,2077.66,315315
2017-02-07,2077.80,2079.23,2071.05,2075.21,271809
2017-02-08,2072.58,2072.58,2052.29,2065.08,266722
2017-02-09,2067.15,2072.69,2062.12,2065.88,236009
2017-02-10,2075.80,2080.74,2072.23,2075.08,314676
2017-02-13,2074.94,2078.66,2070.36,2078.65,289685
2017-02-14,2079.30,2081.59,2068.16,2074.57,332366
2017-02-15,2073.60,2087.69,2069.89,2083.86,338045
2017-02-16,2088.09,2092.59,2078.35,2081.84,330467
2017-02-17,2072.57,2081.18,2072.57,2080.58,301517
2017-02-20,2084.16,2085.59,2077.13,2084.39,297203
2017-02-21,2085.97,2108.48,2085.00,2102.93,292539
2017-02-22,2106.42,2108.98,2101.56,2106.61,312219
2017-02-23,2106.15,2108.99,2103.11,2107.63,430851
2017-02-24,2106.43,2107.83,2090.05,2094.12,385395
2017-02-27,2095.47,2097.24,2084.08,2085.52,343702
2017-02-28,2087.26,2094.41,2084.36,2091.64,399822
2017-03-02,2105.19,2112.58,2096.31,2102.65,434713
2017-03-03,2090.92,2091.59,2072.09,2078.75,425936
2017-03-06,2073.20,2083.80,2067.68,2081.36,431445
2017-03-07,2080.77,2096.79,2079.16,2094.05,277830
2017-03-08,2092.27,2101.56,2088.19,2095.41,381442
2017-03-09,2098.29,2100.08,2090.73,2091.06,408229
2017-03-10,2088.67,2102.05,2082.31,2097.35,500861
2017-03-13,2102.37,2122.88,2100.91,2117.59,382129
2017-03-14,2127.12,2135.50,2124.42,2133.78,365075
2017-03-15,2128.42,2135.38,2127.26,2133.00,374700
2017-03-16,2154.98,2156.85,2143.01,2150.08,402424
2017-03-17,2150.47,2164.59,2148.86,2164.58,302788
2017-03-20,2160.32,2160.57,2151.51,2157.01,264947
2017-03-21,2162.95,2181.99,2160.25,2178.38,303941
2017-03-22,2159.97,2170.00,2158.96,2168.30,394426
2017-03-23,2174.09,2182.42,2170.56,2172.72,358608
2017-03-24,2171.36,2179.34,2163.34,2168.95,358673
2017-03-27,2161.17,2165.25,2153.14,2155.66,395863
2017-03-28,2166.58,2169.14,2157.71,2163.31,393970
2017-03-29,2172.31,2172.31,2162.04,2166.98,626793
2017-03-30,2170.18,2174.16,2159.16,2164.64,643564
2017-03-31,2166.62,2166.93,2159.80,2160.23,441640
2017-04-03,2166.04,2171.33,2161.26,2167.51,398514
2017-04-04,2165.23,2166.94,2156.89,2161.10,522093
2017-04-05,2161.90,2164.85,2146.98,2160.85,571691
2017-04-06,2152.64,2153.83,2143.30,2152.75,510164
2017-04-07,2154.87,2155.70,2142.51,2151.73,408457
2017-04-10,2148.83,2148.83,2128.35,2133.32,512917
2017-04-11,2129.23,2136.55,2117.82,2123.85,489309
2017-04-12,2128.17,2129.82,2122.94,2128.91,427358
2017-04-13,2130.64,2148.61,2125.87,2148.61,357583
2017-04-14,2138.28,2141.61,2127.80,2134.88,383688
2017-04-17,2140.87,2150.70,2138.70,2145.76,259304
2017-04-18,2155.36,2155.36,2139.31,2148.46,291399
2017-04-19,2144.98,2148.03,2133.82,2138.40,344221
2017-04-20,2138.19,2150.43,2134.05,2149.15,268316
2017-04-21,2161.24,2169.46,2156.64,2165.04,281540
2017-04-24,2175.50,2177.89,2166.83,2173.74,374714
2017-04-25,2175.70,2196.85,2174.11,2196.85,275897
2017-04-26,2202.37,2210.61,2200.73,2207.84,397526
2017-04-27,2201.72,2211.59,2199.76,2209.46,386107
2017-04-28,2214.36,2217.04,2202.20,2205.44,268642
2017-05-02,2213.61,2229.74,2212.87,2219.67,295140
2017-05-04,2224.91,2241.24,2224.91,2241.24,261919
2017-05-08,2245.61,2292.76,2244.23,2292.76,281761
2017-05-10,2294.10,2323.22,2264.31,2270.12,422888
2017-05-11,2278.47,2297.67,2271.66,2296.37,463460
2017-05-12,2296.06,2296.51,2283.38,2286.02,335338
2017-05-15,2288.23,2297.31,2280.60,2290.65,251594
2017-05-16,2306.73,2309.00,2283.84,2295.33,368138
2017-05-17,2291.56,2295.87,2283.01,2293.08,394821
2017-05-18,2271.27,2288.85,2267.08,2286.82,378315
2017-05-19,2286.78,2293.82,2282.13,2288.48,421134
2017-05-22,2300.68,2305.21,2292.95,2304.03,340061
2017-05-23,2308.69,2326.57,2303.15,2311.74,341085
2017-05-24,2319.37,2322.54,2312.93,2317.34,409560
2017-05-25,2325.49,2343.72,2321.26,2342.93,369280
2017-05-26,2344.39,2364.80,2341.61,2355.30,312902
2017-05-29,2362.59,2371.67,2344.25,2352.97,316178
2017-05-30,2356.54,2358.69,2332.16,2343.68,508844
2017-05-31,2339.25,2355.23,2338.25,2347.38,555939
2017-06-01,2348.31,2351.31,2335.63,2344.61,336691
2017-06-02,2353.77,2372.65,2353.45,2371.72,399499
2017-06-05,2376.66,2376.83,2363.61,2368.62,326412
2017-06-07,2364.96,2369.43,2356.71,2360.14,376208
2017-06-08,2361.64,2365.52,2347.62,2363.57,417080
2017-06-09,2371.22,2385.15,2367.81,2381.69,520558
2017-06-12,2370.69,2374.70,2353.35,2357.87,327234
2017-06-13,2358.92,2375.81,2358.92,2374.70,322082
2017-06-14,2384.54,2387.29,2366.92,2372.64,392998
2017-06-15,2373.36,2378.04,2350.37,2361.65,334886
2017-06-16,2364.20,2365.37,2355.29,2361.83,329179
2017-06-19,2364.02,2377.20,2356.84,2370.90,290945
2017-06-20,2382.54,2382.54,2365.45,2369.23,360734
2017-06-21,2358.23,2359.97,2346.19,2357.53,360345
2017-06-22,2364.22,2370.39,2354.10,2370.37,299232
2017-06-23,2371.54,2380.94,2369.17,2378.60,256259
2017-06-26,2381.09,2390.70,2377.88,2388.66,325674
2017-06-27,2386.76,2397.14,2383.47,2391.95,358034
2017-06-28,2382.91,2390.89,2380.75,2382.56,361177
2017-06-29,2396.81,2402.80,2393.57,2395.66,445132
2017-06-30,2382.15,2391.81,2381.40,2391.79,343530
2017-07-03,2397.66,2399.90,2384.55,2394.48,310992
2017-07-04,2395.24,2398.02,2376.41,2380.52,411776
2017-07-05,2377.01,2390.29,2375.63,2388.35,333721
2017-07-06,2390.31,2392.50,2380.82,2387.81,301473
2017-07-07,2376.29,2385.02,2372.83,2379.87,314370
2017-07-10,2386.30,2389.87,2378.04,2382.10,296262
2017-07-11,2386.42,2396.46,2382.69,2396.00,284462
2017-07-12,2395.41,2399.28,2390.45,2391.77,268926
2017-07-13,2405.76,2422.26,2402.92,2409.49,289261
2017-07-14,2418.27,2421.48,2411.34,2414.63,258766
2017-07-17,2427.76,2430.34,2419.91,2425.10,254205
2017-07-18,2425.07,2426.16,2419.17,2426.04,260662
2017-07-19,2430.09,2430.09,2419.64,2429.94,270965
2017-07-20,2436.06,2443.69,2427.95,2441.84,251917
2017-07-21,2438.78,2451.59,2437.84,2450.06,250132
2017-07-24,2451.41,2451.53,2443.65,2451.53,233408
2017-07-25,2450.76,2453.17,2437.14,2439.90,275200
2017-07-26,2446.82,2446.96,2429.62,2434.51,336109
2017-07-27,2443.28,2448.24,2435.49,2443.24,426498
2017-07-28,2433.46,2434.38,2399.06,2400.99,318652
2017-07-31,2392.02,2403.90,2388.39,2402.71,277570
2017-08-01,2397.12,2432.62,2394.27,2422.96,264036
2017-08-02,2431.94,2434.47,2424.18,2427.63,261570
2017-08-03,2423.21,2423.55,2374.11,2386.85,303575
2017-08-04,2389.74,2400.33,2383.45,2395.45,273566
2017-08-07,2402.57,2412.13,2395.74,2398.75,244124
2017-08-08,2404.68,2410.22,2383.94,2394.73,252854
2017-08-09,2379.70,2387.53,2366.33,2368.39,234073
2017-08-10,2360.95,2371.50,2339.06,2359.47,283873
2017-08-11,2323.06,2335.12,2310.20,2319.71,318581
2017-08-14,2336.02,2341.78,2327.80,2334.22,214025
2017-08-16,2355.74,2358.46,2343.72,2348.26,270521
2017-08-17,2351.61,2364.50,2346.74,2361.67,255766
2017-08-18,2340.19,2362.43,2340.19,2358.37,201479
2017-08-21,2363.38,2363.38,2351.96,2355.00,207225
2017-08-22,2360.29,2369.02,2359.97,2365.33,251864
2017-08-23,2376.53,2379.59,2360.71,2366.40,228616
2017-08-24,2370.12,2382.72,2368.29,2375.84,295531
2017-08-25,2381.47,2384.59,2372.67,2378.51,341961
2017-08-28,2376.38,2383.46,2366.23,2370.30,226869
2017-08-29,2356.20,2364.74,2332.85,2364.74,223090
2017-08-30,2368.13,2372.29,2363.43,2372.29,305637
2017-08-31,2373.96,2377.02,2355.29,2363.19,265050
2017-09-01,2367.45,2370.25,2351.37,2357.69,280060
2017-09-04,2316.89,2344.82,2316.89,2329.65,248495
2017-09-05,2340.62,2340.62,2319.94,2326.62,320428
2017-09-06,2324.84,2325.56,2314.31,2319.82,252682
2017-09-07,2328.94,2349.79,2328.92,2346.19,277036
2017-09-08,2350.19,2351.73,2340.63,2343.72,214593
2017-09-11,2354.86,2369.72,2354.35,2359.08,243613
2017-09-12,2372.02,2372.45,2359.12,2365.47,333574
2017-09-13,2370.54,2373.61,2360.17,2360.18,318872
2017-09-14,2365.54,2377.66,2358.43,2377.66,314263
2017-09-15,2368.44,2386.07,2365.37,2386.07,298739
2017-09-18,2390.58,2418.24,2389.65,2418.21,273478
2017-09-19,2419.30,2422.05,2411.68,2416.05,254586
2017-09-20,2420.82,2429.12,2405.78,2412.20,303286
2017-09-21,2412.01,2415.13,2401.89,2406.50,335339
2017-09-22,2404.35,2409.30,2381.81,2388.71,333617
2017-09-25,2388.77,2392.44,2374.69,2380.40,339346
2017-09-26,2371.62,2381.31,2365.34,2374.32,319125
2017-09-27,2376.89,2377.18,2368.92,2372.57,202619
2017-09-28,2374.10,2379.54,2365.67,2373.14,194772
2017-09-29,2378.66,2394.47,2378.66,2394.47,184191
2017-10-10,2425.63,2443.20,2421.10,2433.81,221745
2017-10-11,2442.49,2458.16,2439.81,2458.16,201771
2017-10-12,2461.70,2474.76,2459.48,2474.76,256211
2017-10-13,2473.65,2479.73,2468.14,2473.62,234801
2017-10-16,2483.17,2487.71,2470.24,2480.05,224415
2017-10-17,2484.96,2487.88,2478.76,2484.37,199049
2017-10-18,2481.53,2490.58,2475.67,2482.91,244245
2017-10-19,2485.72,2490.94,2468.67,2473.06,236625
2017-10-20,2477.30,2489.54,2476.88,2489.54,313211
2017-10-23,2497.65,2500.33,2485.48,2490.05,274201
2017-10-24,2489.31,2497.35,2487.17,2490.49,232007
2017-10-25,2495.87,2497.41,2481.48,2492.50,599435
2017-10-26,2489.60,2495.99,2480.63,2480.63,646883
2017-10-27,2485.44,2499.15,2479.67,2496.63,511226
2017-10-30,2513.87,2513.87,2497.42,2501.93,342006
2017-10-31,2500.21,2528.32,2498.05,2523.43,313788
2017-11-01,2535.97,2556.47,2535.83,2556.47,361796
2017-11-02,2560.34,2561.63,2542.02,2546.36,527728
2017-11-03,2558.37,2558.37,2539.72,2557.97,292767
2017-11-06,2557.29,2559.90,2529.94,2549.41,221187
2017-11-07,2548.30,2554.13,2540.67,2545.44,253922
2017-11-08,2534.48,2558.74,2533.73,2552.40,277039
2017-11-09,2559.93,2559.93,2536.54,2550.57,293540
2017-11-10,2541.18,2547.61,2534.60,2542.95,291525
2017-11-13,2548.27,2552.28,2527.20,2530.35,266531
2017-11-14,2532.55,2532.95,2520.99,2526.64,287772
2017-11-15,2525.60,2526.61,2511.76,2518.25,398215
2017-11-16,2522.42,2538.28,2514.51,2534.79,302931
2017-11-17,2546.05,2559.10,2533.99,2533.99,362192
2017-11-20,2536.80,2542.62,2523.52,2527.67,404260
2017-11-21,2533.85,2539.88,2525.96,2530.70,484887
2017-11-22,2546.61,2553.22,2535.19,2540.51,485671
2017-11-23,2542.34,2544.58,2532.45,2537.15,391292
2017-11-24,2539.79,2544.33,2533.98,2544.33,297938
2017-11-27,2544.74,2546.71,2506.69,2507.81,284887
2017-11-28,2512.52,2521.06,2500.93,2514.19,348243
2017-11-29,2517.26,2524.41,2508.66,2512.90,301209
2017-11-30,2502.22,2506.32,2474.28,2476.37,339022
2017-12-01,2488.92,2488.92,2472.75,2475.41,288568
2017-12-04,2486.72,2501.67,2476.29,2501.67,323847
2017-12-05,2490.73,2513.68,2487.15,2510.12,395430
2017-12-06,2510.19,2510.47,2474.29,2474.37,507624
2017-12-07,2479.55,2480.85,2452.40,2461.98,404854
2017-12-08,2470.09,2473.17,2459.02,2464.00,406382
2017-12-11,2467.81,2471.99,2457.98,2471.49,240138
2017-12-12,2471.23,2471.43,2455.39,2461.00,281191
2017-12-13,2462.42,2481.92,2457.70,2480.55,254953
2017-12-14,2486.57,2514.61,2469.48,2469.48,317787
2017-12-15,2488.39,2495.08,2475.99,2482.07,340759
2017-12-18,2488.83,2488.83,2477.29,2481.88,324358
2017-12-19,2487.83,2498.67,2470.49,2478.53,308391
2017-12-20,2473.82,2484.50,2470.62,2472.37,236176
2017-12-21,2471.34,2471.73,2429.83,2429.83,247330
2017-12-22,2437.59,2444.57,2426.94,2440.54,230413
2017-12-26,2447.67,2457.19,2427.34,2427.34,224641
2017-12-27,2420.86,2436.68,2411.48,2436.67,194850
2017-12-28,2439.31,2467.51,2437.26,2467.49,220336
2018-01-02,2474.86,2481.02,2465.94,2479.65,262205
2018-01-03,2484.63,2493.40,2481.91,2486.35,331095
2018-01-04,2502.50,2502.50,2466.45,2466.46,333836
2018-01-05,2476.85,2497.52,2475.51,2497.52,308770
2018-01-08,2510.70,2515.37,2494.18,2513.28,311429
2018-01-09,2510.73,2524.73,2498.41,2510.23,374323
2018-01-10,2516.33,2516.82,2493.98,2499.75,444022
2018-01-11,2496.86,2502.52,2483.82,2487.91,444340
2018-01-12,2499.87,2500.87,2482.15,2496.42,438776
2018-01-15,2510.97,2513.30,2496.18,2503.73,404551
2018-01-16,2504.16,2524.55,2498.55,2521.74,341607
2018-01-17,2517.19,2521.97,2506.49,2515.43,336713
2018-01-18,2527.67,2532.08,2512.69,2515.81,333112
2018-01-19,2519.67,2524.33,2513.09,2520.26,351845
2018-01-22,2516.90,2517.12,2488.44,2502.11,342994
2018-01-23,2510.35,2536.60,2507.96,2536.60,370008
2018-01-24,2533.86,2547.22,2531.31,2538.00,371087
2018-01-25,2536.96,2564.43,2536.73,2562.23,514605
2018-01-26,2560.69,2574.76,2553.53,2574.76,400649
2018-01-29,2588.87,2607.10,2587.55,2598.19,437475
2018-01-30,2590.41,2599.17,2567.07,2567.74,397039
2018-01-31,2557.37,2597.14,2553.01,2566.46,403051
2018-02-01,2578.91,2583.74,2564.59,2568.54,595147
2018-02-02,2565.99,2565.99,2519.60,2525.39,481818
2018-02-05,2487.34,2503.99,2476.24,2491.75,442350
2018-02-06,2437.02,2460.28,2409.38,2453.31,582837
2018-02-07,2483.72,2484.18,2396.56,2396.56,460075
2018-02-08,2400.17,2423.88,2393.46,2407.62,362416
2018-02-09,2346.73,2372.90,2346.73,2363.77,489112
2018-02-12,2380.49,2397.90,2367.31,2385.38,352288
2018-02-13,2402.89,2421.80,2388.54,2395.19,423416
2018-02-14,2412.47,2426.63,2408.02,2421.83,305739
2018-02-19,2452.52,2455.12,2428.15,2442.82,322137
2018-02-20,2433.35,2438.48,2411.23,2415.12,421486
2018-02-21,2417.73,2432.45,2404.02,2429.65,432275
2018-02-22,2417.18,2422.62,2405.23,2414.28,349493
2018-02-23,2427.13,2451.52,2427.13,2451.52,300578
2018-02-26,2465.35,2466.08,2447.86,2457.65,321260
2018-02-27,2474.08,2480.79,2456.14,2456.14,271232
2018-02-28,2447.11,2460.12,2426.21,2427.36,367557
2018-03-02,2406.57,2410.34,2387.25,2402.16,320397
2018-03-05,2405.92,2407.98,2374.80,2375.06,312254
2018-03-06,2400.67,2413.01,2392.87,2411.41,400111
2018-03-07,2413.39,2429.43,2395.24,2401.82,412972
2018-03-08,2420.67,2433.08,2407.59,2433.08,394849
2018-03-09,2443.43,2476.43,2436.03,2459.45,437265
2018-03-12,2485.64,2489.46,2474.91,2484.12,391304
2018-03-13,2483.05,2494.49,2478.76,2494.49,350203
2018-03-14,2477.43,2486.98,2474.77,2486.08,360866
2018-03-15,2486.00,2496.51,2471.04,2492.38,344010
2018-03-16,2495.11,2497.80,2476.88,2493.97,377766
2018-03-19,2491.99,2493.56,2470.91,2475.03,477219
2018-03-20,2456.80,2485.52,2456.80,2485.52,291496
2018-03-21,2488.22,2492.88,2483.78,2484.97,399074
2018-03-22,2494.84,2508.71,2485.34,2496.02,482138
2018-03-23,2446.73,2450.40,2412.62,2416.76,457953
2018-03-26,2414.68,2437.08,2399.44,2437.08,306904
2018-03-27,2455.00,2456.55,2444.92,2452.06,332129
2018-03-28,2425.94,2430.77,2409.47,2419.29,501307
2018-03-29,2421.70,2439.47,2413.71,2436.37,333359
2018-03-30,2454.10,2458.24,2445.72,2445.85,395329
2018-04-02,2454.72,2467.52,2440.89,2444.16,390319
2018-04-03,2422.26,2442.43,2416.44,2442.43,497141
2018-04-04,2447.97,2447.97,2405.91,2408.06,551704
2018-04-05,2426.92,2446.78,2420.92,2437.52,591043
2018-04-06,2420.88,2433.97,2417.24,2429.58,454309
2018-04-09,2424.15,2446.28,2424.15,2444.08,334425
2018-04-10,2439.94,2454.36,2419.55,2450.74,356390
2018-04-11,2456.53,2458.99,2441.20,2444.22,355188
2018-04-12,2450.95,2454.95,2441.58,2442.71,441569
2018-04-13,2449.42,2457.85,2442.35,2455.07,395886
2018-04-16,2466.04,2466.16,2449.97,2457.49,347174
2018-04-17,2459.39,2465.63,2449.08,2453.77,394701
2018-04-18,2467.55,2486.73,2467.55,2479.98,647286
2018-04-19,2483.26,2490.57,2476.51,2486.10,727031
2018-04-20,2478.59,2485.15,2472.37,2476.33,531719
2018-04-23,2473.70,2478.57,2466.57,2474.11,701423
2018-04-24,2478.47,2479.32,2454.44,2464.14,524280
2018-04-25,2444.19,2453.54,2436.51,2448.81,466096
2018-04-26,2460.62,2484.09,2456.20,2475.64,520917
2018-04-27,2497.75,2508.13,2484.19,2492.40,464958
2018-04-30,2502.29,2515.38,2500.22,2515.38,746292
2018-05-02,2515.75,2516.57,2501.71,2505.61,807589
2018-05-03,2506.94,2507.91,2487.25,2487.25,614102
2018-05-04,2486.47,2487.77,2461.38,2461.38,612024
2018-05-08,2468.45,2479.75,2444.08,2449.81,714734
2018-05-09,2450.71,2451.86,2428.79,2443.98,593366
2018-05-10,2458.67,2464.72,2448.01,2464.16,490005
2018-05-11,2469.30,2483.85,2468.41,2477.71,599901
2018-05-14,2482.97,2486.17,2471.91,2476.11,650708
2018-05-15,2476.87,2480.22,2456.20,2458.54,712620
2018-05-16,2446.64,2465.55,2444.67,2459.82,691813
2018-05-17,2468.72,2472.82,2448.43,2448.45,596772
2018-05-18,2459.73,2461.95,2452.34,2460.65,431377
2018-05-21,2464.07,2472.30,2447.69,2465.57,588088
2018-05-23,2462.98,2476.86,2460.07,2471.91,752676
2018-05-24,2477.48,2481.31,2457.84,2466.01,638126
2018-05-25,2452.80,2466.57,2444.77,2460.80,653592
2018-05-28,2465.00,2482.40,2463.14,2478.96,708362
2018-05-29,2476.70,2479.68,2457.18,2457.25,571837
2018-05-30,2446.81,2449.88,2399.58,2409.03,575922
2018-05-31,2428.83,2430.15,2415.50,2423.01,816930
2018-06-01,2419.63,2445.31,2418.11,2438.96,603023
2018-06-04,2444.62,2452.67,2441.25,2447.76,438929
2018-06-05,2450.39,2455.78,2432.81,2453.76,501364
2018-06-07,2468.26,2478.67,2466.01,2470.58,474147
2018-06-08,2467.88,2468.27,2449.11,2451.58,530160
2018-06-11,2454.25,2470.99,2448.00,2470.15,427947
2018-06-12,2474.78,2479.56,2462.84,2468.83,613166
2018-06-14,2450.86,2451.95,2422.37,2423.48,533448
2018-06-15,2432.18,2433.51,2403.97,2404.04,502362
2018-06-18,2404.68,2405.56,2365.31,2376.24,564819
2018-06-19,2373.12,2379.49,2336.54,2340.11,606305
2018-06-20,2350.24,2374.52,2345.22,2363.91,456004
2018-06-21,2364.16,2370.58,2337.83,2337.83,438264
2018-06-22,2323.08,2357.40,2320.76,2357.22,537264
2018-06-25,2351.89,2361.39,2337.22,2357.88,415080
2018-06-26,2334.75,2358.01,2326.61,2350.92,470915
2018-06-27,2349.38,2358.71,2342.02,2342.03,526625
2018-06-28,2327.37,2335.35,2310.80,2314.24,414371
2018-06-29,2325.68,2329.58,2296.39,2326.13,396663
2018-07-02,2322.23,2327.59,2271.53,2271.54,393266
2018-07-03,2285.88,2287.39,2252.36,2272.76,366028
2018-07-04,2270.95,2280.81,2261.34,2265.46,315103
2018-07-05,2264.74,2274.74,2243.90,2257.55,346884
2018-07-06,2261.44,2283.75,2247.35,2272.87,344433
2018-07-09,2276.92,2294.61,2267.25,2285.80,352639
2018-07-10,2299.09,2305.84,2292.13,2294.16,339919
2018-07-11,2277.22,2287.08,2262.77,2280.62,422989
2018-07-12,2285.93,2298.56,2277.73,2285.06,364408
2018-07-13,2293.07,2313.80,2293.07,2310.90,291563
2018-07-16,2312.26,2317.84,2299.79,2301.99,297122
2018-07-17,2302.95,2306.07,2290.24,2297.92,379034
2018-07-18,2313.78,2319.39,2287.10,2290.11,402772
2018-07-19,2298.91,2300.18,2278.94,2282.29,464516
2018-07-20,2281.36,2293.34,2269.55,2289.19,353236
2018-07-23,2289.61,2289.61,2264.42,2269.31,334291
2018-07-24,2273.15,2284.43,2263.13,2280.20,436133
2018-07-25,2284.38,2292.61,2269.67,2273.03,309320
2018-07-26,2284.51,2297.16,2276.54,2289.06,303334
2018-07-27,2292.33,2295.27,2284.44,2294.99,262144
2018-07-30,2290.18,2296.91,2283.29,2293.51,206498
2018-07-31,2292.23,2296.60,2286.02,2295.26,223927
2018-08-01,2301.17,2312.65,2301.13,2307.07,219035
2018-08-02,2304.14,2306.72,2265.46,2270.20,352057
2018-08-03,2278.33,2288.93,2272.94,2287.68,270494
2018-08-06,2288.51,2300.38,2283.26,2286.50,244549
2018-08-07,2290.85,2301.27,2279.55,2300.16,230340
2018-08-08,2305.73,2308.60,2298.41,2301.45,299691
2018-08-09,2303.04,2303.71,2291.91,2303.71,244883
2018-08-10,2295.21,2295.62,2277.89,2282.79,286161
2018-08-13,2266.43,2271.82,2238.55,2248.45,335381
2018-08-14,2249.86,2262.52,2247.37,2258.91,255216
2018-08-16,2233.05,2244.08,2218.09,2240.80,312519
2018-08-17,2244.61,2250.92,2240.14,2247.05,238378
2018-08-20,2257.35,2264.42,2245.06,2247.88,271600
2018-08-21,2248.04,2272.86,2244.59,2270.06,294337
2018-08-22,2273.68,2280.31,2268.91,2273.33,269271
2018-08-23,2282.57,2282.88,2268.06,2282.60,338386
2018-08-24,2276.16,2295.22,2271.35,2293.21,347292
2018-08-27,2297.32,2302.87,2289.41,2299.30,307045
2018-08-28,2312.14,2314.60,2299.45,2303.12,276889
2018-08-29,2304.66,2309.88,2300.21,2309.03,268215
2018-08-30,2313.11,2320.85,2305.46,2307.35,286926
2018-08-31,2298.13,2322.88,2295.72,2322.88,255909
2018-09-03,2317.93,2318.72,2302.17,2307.03,230513
2018-09-04,2308.96,2317.74,2302.17,2315.72,277014
2018-09-05,2310.90,2315.43,2288.01,2291.77,358187
2018-09-06,2288.80,2298.47,2284.50,2287.61,387511
2018-09-07,2278.08,2286.82,2264.90,2281.58,357561
2018-09-10,2277.35,2289.38,2276.60,2288.66,312613
2018-09-11,2286.91,2295.76,2275.13,2283.20,368211
2018-09-12,2286.28,2289.66,2271.00,2282.92,336830
2018-09-13,2285.28,2291.51,2281.63,2286.23,301309
2018-09-14,2304.70,2318.65,2304.15,2318.25,292236
2018-09-17,2314.55,2314.55,2295.26,2303.01,343167
2018-09-18,2287.73,2310.97,2287.42,2308.98,309235
2018-09-19,2319.22,2319.22,2301.79,2308.46,350949
2018-09-20,2314.41,2334.04,2311.56,2323.45,289086
2018-09-21,2332.04,2339.17,2325.12,2339.17,321704
2018-09-27,2331.70,2355.43,2331.70,2355.43,279230
2018-09-28,2356.13,2356.62,2337.47,2343.07,317870
2018-10-01,2349.64,2352.11,2333.32,2338.88,278310
2018-10-02,2338.28,2341.55,2308.90,2309.57,287868
2018-10-04,2311.06,2311.06,2270.22,2274.49,309502
2018-10-05,2269.94,2278.12,2250.99,2267.52,282139
2018-10-08,2258.73,2273.71,2253.83,2253.83,214644
2018-10-10,2256.03,2257.52,2222.95,2228.61,365684
2018-10-11,2176.16,2186.69,2129.67,2129.67,411919
2018-10-12,2131.66,2173.01,2129.13,2161.85,292574
2018-10-15,2155.34,2159.23,2141.28,2145.12,259176
2018-10-16,2156.00,2161.76,2140.19,2145.12,222512
2018-10-17,2169.44,2182.77,2159.37,2167.51,275160
2018-10-18,2158.80,2168.01,2146.61,2148.31,321763
2018-10-19,2130.06,2158.78,2117.62,2156.26,351771
2018-10-22,2143.08,2163.21,2136.92,2161.71,308740
2018-10-23,2147.30,2148.80,2094.69,2106.10,373468
2018-10-24,2119.19,2121.36,2092.10,2097.58,399734
2018-10-25,2046.67,2066.06,2033.81,2063.30,376015
2018-10-26,2066.57,2066.57,2008.86,2027.15,449198
2018-10-29,2026.68,2045.76,1993.77,1996.05,427305
2018-10-30,1985.95,2028.84,1985.95,2014.69,441585
2018-10-31,2022.84,2030.50,2006.63,2029.69,373028
2018-11-01,2035.11,2054.22,2023.43,2024.46,343814
2018-11-02,2046.61,2096.63,2044.94,2096.00,371979
2018-11-05,2079.81,2080.49,2052.67,2076.92,361302
2018-11-06,2085.81,2092.61,2068.59,2089.62,315816
2018-11-07,2090.32,2107.63,2072.48,2078.69,485225
2018-11-08,2109.97,2120.88,2092.36,2092.63,328035
2018-11-09,2093.89,2101.92,2082.47,2086.09,298072
2018-11-12,2065.92,2087.24,2065.52,2080.44,295529
2018-11-13,2047.62,2072.03,2032.05,2071.23,383421
2018-11-14,2071.41,2075.12,2060.86,2068.05,339046
2018-11-15,2061.47,2088.61,2058.73,2088.06,351043
2018-11-16,2097.94,2103.11,2086.54,2092.40,301605
2018-11-19,2096.13,2111.39,2089.37,2100.56,273198
2018-11-20,2074.67,2089.54,2074.67,2082.58,281685
2018-11-21,2057.07,2077.49,2049.76,2076.55,267904
2018-11-22,2079.01,2081.75,2066.20,2069.95,242499
2018-11-23,2073.26,2075.91,2047.96,2057.48,227202
2018-11-26,2060.17,2083.96,2060.17,2083.02,237711
2018-11-27,2091.75,2102.29,2079.49,2099.42,239211
2018-11-28,2104.13,2108.65,2094.32,2108.22,300076
2018-11-29,2133.95,2136.74,2108.90,2114.10,307230
2018-11-30,2116.83,2122.33,2093.83,2096.86,427355
2018-12-03,2127.78,2136.64,2113.60,2131.93,436588
2018-12-04,2125.67,2128.94,2105.45,2114.35,507518
2018-12-05,2086.57,2107.69,2086.57,2101.31,492716
2018-12-06,2094.62,2094.62,2064.00,2068.69,537410
2018-12-07,2081.68,2086.84,2065.62,2075.76,371591
2018-12-10,2048.45,2061.78,2043.21,2053.79,344164
2018-12-11,2058.16,2060.94,2047.17,2052.97,273933
2018-12-12,2062.77,2084.77,2061.13,2082.57,457127
2018-12-13,2087.43,2104.43,2084.37,2095.55,379819
2018-12-14,2095.64,2095.64,2061.40,2069.38,448238
2018-12-17,2071.21,2075.93,2065.51,2071.09,444522
2018-12-18,2057.39,2074.31,2054.26,2062.11,429530
2018-12-19,2068.95,2080.65,2063.01,2078.84,418797
2018-12-20,2063.70,2071.08,2047.52,2060.12,421065
2018-12-21,2052.70,2061.51,2049.76,2061.49,311389
2018-12-24,2050.38,2059.94,2046.18,2055.01,285275
2018-12-26,2028.81,2037.83,2014.28,2028.01,321499
2018-12-27,2032.09,2035.57,2021.39,2028.44,398021
2018-12-28,2036.70,2046.97,2035.41,2041.04,352678
2019-01-02,2050.55,2053.45,2004.27,2010.00,326368
2019-01-03,2011.81,2014.72,1991.65,1993.70,427976
2019-01-04,1992.40,2011.56,1984.53,2010.25,408991
2019-01-07,2034.24,2048.06,2030.90,2037.10,440191
2019-01-08,2038.68,2042.70,2023.59,2025.27,397831
2019-01-09,2034.19,2068.23,2034.19,2064.71,386248
2019-01-10,2065.73,2072.81,2057.16,2063.28,382877
2019-01-11,2070.36,2076.99,2063.99,2075.57,380061
2019-01-14,2070.49,2073.94,2059.46,2064.52,432891
2019-01-15,2069.14,2098.01,2067.58,2097.18,439489
2019-01-16,2098.65,2106.35,2091.92,2106.10,500078
2019-01-17,2110.14,2117.43,2101.70,2107.06,475885
2019-01-18,2116.43,2124.50,2113.44,2124.28,456738
2019-01-21,2133.87,2134.17,2114.45,2124.61,398035
2019-01-22,2126.03,2129.37,2108.91,2117.77,419441
2019-01-23,2108.72,2131.05,2106.74,2127.78,408600
2019-01-24,2127.88,2145.08,2125.48,2145.03,413652
2019-01-25,2147.92,2178.01,2146.64,2177.73,410002
2019-01-28,2184.41,2188.15,2169.17,2177.30,371619
2019-01-29,2172.83,2183.36,2162.53,2183.36,552587
2019-01-30,2183.49,2206.20,2177.88,2206.20,480390
2019-01-31,2222.88,2222.88,2201.22,2204.85,545248
2019-02-01,2211.93,2218.78,2201.41,2203.46,479379
2019-02-07,2215.77,2215.79,2196.77,2203.42,427843
2019-02-08,2192.01,2192.48,2171.96,2177.05,391029
2019-02-11,2180.54,2181.58,2167.36,2180.73,406060
2019-02-12,2182.71,2195.05,2178.59,2190.47,429940
2019-02-13,2200.00,2203.71,2194.75,2201.48,421990
2019-02-14,2195.92,2225.85,2186.09,2225.85,573362
2019-02-15,2210.94,2210.94,2187.71,2196.09,400592
2019-02-18,2207.36,2217.32,2203.00,2210.89,314371
2019-02-19,2208.96,2213.87,2193.34,2205.63,389094
2019-02-20,2216.74,2234.68,2213.83,2229.76,374342
2019-02-21,2224.26,2234.31,2213.19,2228.66,382511
2019-02-22,2222.32,2230.50,2217.08,2230.50,409311
2019-02-25,2241.13,2241.76,2224.64,2232.56,339234
2019-02-26,2230.37,2235.70,2221.76,2226.60,331962
2019-02-27,2234.46,2237.77,2228.16,2234.79,301513
2019-02-28,2231.58,2233.93,2195.44,2195.44,510022
2019-03-04,2210.97,2216.02,2188.56,2190.66,373166
2019-03-05,2183.35,2185.74,2171.33,2179.23,313146
2019-03-06,2177.11,2179.01,2168.46,2175.60,328943
2019-03-07,2173.19,2181.19,2155.19,2165.79,292578
2019-03-08,2152.80,2159.67,2137.44,2137.44,313315
2019-03-11,2140.29,2145.31,2125.54,2138.10,272103
2019-03-12,2154.61,2161.69,2150.96,2157.18,355283
2019-03-13,2152.66,2154.11,2134.16,2148.41,285601
2019-03-14,2154.35,2158.34,2142.31,2155.68,341010
2019-03-15,2152.96,2181.77,2152.59,2176.11,387136
2019-03-18,2179.69,2183.90,2172.34,2179.49,257951
2019-03-19,2183.03,2183.76,2171.05,2177.62,319703
2019-03-20,2171.41,2177.19,2152.21,2177.10,317607
2019-03-21,2183.11,2200.32,2173.70,2184.88,342747
2019-03-22,2192.72,2195.42,2178.77,2186.95,333618
2019-03-25,2158.80,2159.25,2143.70,2144.86,307071
2019-03-26,2152.98,2153.90,2143.63,2148.80,301254
2019-03-27,2147.19,2152.91,2132.42,2145.62,363169
2019-03-28,2131.25,2136.40,2120.93,2128.10,288036
2019-03-29,2138.45,2143.30,2124.07,2140.67,364619
2019-04-01,2153.31,2171.49,2153.31,2168.28,263313
2019-04-02,2177.20,2181.37,2171.84,2177.18,257453
2019-04-03,2176.81,2203.29,2172.83,2203.27,358645
2019-04-04,2201.04,2216.15,2198.66,2206.53,431013
2019-04-05,2206.36,2214.82,2205.26,2209.61,517153
2019-04-08,2217.66,2217.87,2202.49,2210.60,347910
2019-04-09,2212.32,2221.62,2203.54,2213.56,414809
2019-04-10,2206.20,2225.02,2203.82,2224.39,399695
2019-04-11,2227.69,2230.41,2217.18,2224.44,402016
2019-04-12,2221.10,2233.45,2212.88,2233.45,449634
2019-04-15,2242.31,2251.22,2240.29,2242.88,404160
2019-04-16,2241.06,2249.89,2235.72,2248.63,569056
2019-04-17,2249.05,2252.05,2242.01,2245.89,452475
2019-04-18,2248.80,2250.11,2210.43,2213.77,573343
2019-04-19,2223.42,2225.37,2215.58,2216.15,525264
2019-04-22,2218.50,2227.94,2207.25,2216.65,493984
2019-04-23,2217.61,2223.92,2212.14,2220.51,481178
2019-04-24,2229.75,2229.75,2190.29,2201.03,575100
2019-04-25,2195.47,2200.89,2187.44,2190.50,441137
2019-04-26,2178.13,2186.52,2168.15,2179.31,570172
2019-04-29,2183.41,2216.43,2181.82,2216.43,380823
2019-04-30,2213.43,2215.77,2186.33,2203.59,381414
2019-05-02,2192.94,2217.03,2191.30,2212.75,369059
2019-05-03,2209.44,2211.36,2192.36,2196.32,617878
2019-05-07,2172.39,2179.51,2160.44,2176.99,484097
2019-05-08,2151.34,2179.34,2151.34,2168.01,456334
2019-05-09,2159.79,2164.98,2102.01,2102.01,743507
2019-05-10,2118.42,2124.92,2090.39,2108.04,714766
2019-05-13,2091.80,2101.09,2077.72,2079.01,505751
2019-05-14,2060.24,2093.41,2056.74,2081.84,696195
2019-05-15,2081.92,2100.01,2076.46,2092.78,577795
2019-05-16,2094.88,2095.58,2062.44,2067.69,745164
2019-05-17,2081.57,2082.83,2053.79,2055.80,537380
2019-05-20,2066.53,2077.10,2051.69,2055.71,640195
2019-05-21,2056.95,2076.47,2053.69,2061.25,526859
2019-05-22,2068.65,2070.80,2048.01,2064.86,509974
2019-05-23,2063.25,2065.86,2046.82,2059.59,509269
2019-05-24,2047.30,2057.38,2035.98,2045.31,480648
2019-05-27,2044.25,2055.13,2035.87,2044.21,351616
2019-05-28,2044.77,2058.42,2038.52,2048.83,494479
2019-05-29,2046.71,2046.71,2016.25,2023.32,380894
2019-05-30,2024.33,2040.66,2023.91,2038.80,461850
2019-05-31,2029.03,2048.90,2022.97,2041.74,439182
2019-06-03,2031.03,2070.58,2029.17,2067.85,387146
2019-06-04,2066.78,2072.19,2060.98,2066.97,435992
2019-06-05,2084.16,2086.49,2065.71,2069.11,380157
2019-06-07,2070.78,2081.16,2057.97,2072.33,368392
2019-06-10,2087.37,2099.65,2075.51,2099.49,457641
2019-06-11,2096.09,2114.57,2094.60,2111.81,550740
2019-06-12,2111.66,2118.89,2104.41,2108.75,693508
2019-06-13,2104.46,2108.01,2081.92,2103.15,553393
2019-06-14,2096.32,2103.02,2087.47,2095.41,473370
2019-06-17,2091.71,2103.59,2087.25,2090.73,561550
2019-06-18,2089.31,2103.02,2089.31,2098.71,600964
2019-06-19,2119.54,2126.74,2117.64,2124.78,862980
2019-06-20,2121.78,2131.77,2120.42,2131.29,1007159
2019-06-21,2132.38,2132.68,2120.15,2125.62,692028
2019-06-24,2130.32,2134.48,2123.88,2126.33,669640
2019-06-25,2125.74,2136.24,2115.11,2121.64,642999
2019-06-26,2120.20,2128.25,2115.72,2121.85,736852
2019-06-27,2120.73,2141.27,2118.22,2134.32,644900
2019-06-28,2135.06,2139.24,2123.97,2130.62,537275
2019-07-01,2147.24,2147.24,2126.87,2129.74,412291
2019-07-02,2122.07,2130.86,2112.52,2122.02,460830
2019-07-03,2120.75,2127.71,2093.32,2096.02,522709
2019-07-04,2102.36,2108.80,2088.97,2108.73,446933
2019-07-05,2111.00,2115.43,2096.23,2110.59,459391
2019-07-08,2091.91,2092.54,2063.78,2064.17,515950
2019-07-09,2070.35,2075.30,2052.03,2052.03,440122
2019-07-10,2061.55,2068.20,2056.48,2058.78,355678
2019-07-11,2070.59,2088.24,2070.21,2080.58,376675
2019-07-12,2083.53,2090.43,2077.35,2086.66,403935
2019-07-15,2083.39,2088.34,2073.10,2082.48,463520
2019-07-16,2084.46,2096.67,2078.74,2091.87,682803
2019-07-17,2079.91,2080.01,2063.49,2072.92,761626
2019-07-18,2068.66,2073.20,2061.33,2066.55,446644
2019-07-19,2080.21,2096.73,2076.51,2094.36,394904
2019-07-22,2090.35,2099.34,2087.51,2093.34,332630
2019-07-23,2095.76,2106.39,2095.38,2101.45,648124
2019-07-24,2097.16,2105.68,2080.66,2082.30,851393
2019-07-25,2085.67,2088.81,2061.08,2074.48,598634
2019-07-26,2063.35,2068.16,2054.64,2066.26,589074
2019-07-29,2059.13,2063.13,2025.01,2029.48,608671
2019-07-30,2035.32,2044.59,2032.61,2038.68,547030
2019-07-31,2036.46,2041.16,2010.95,2024.55,589386
2019-08-01,2015.09,2032.23,2009.33,2017.34,461743
2019-08-02,1995.31,2005.31,1987.12,1998.13,438538
2019-08-05,1985.93,1987.64,1945.39,1946.98,639604
2019-08-06,1900.36,1948.53,1891.81,1917.50,739588
2019-08-07,1925.33,1929.29,1901.61,1909.71,760777
2019-08-08,1926.28,1937.95,1915.81,1920.61,777166
2019-08-09,1940.06,1946.94,1936.14,1937.75,654344
2019-08-12,1941.53,1949.19,1933.25,1942.29,427141
2019-08-13,1928.76,1937.68,1923.58,1925.83,660041
2019-08-14,1946.18,1952.22,1937.23,1938.37,699585
2019-08-16,1921.49,1927.70,1911.72,1927.17,421682
2019-08-19,1936.64,1943.09,1931.44,1939.90,481022
2019-08-20,1942.99,1964.16,1937.53,1960.25,463605
2019-08-21,1954.57,1971.12,1954.47,1964.65,391568
2019-08-22,1966.60,1967.96,1951.01,1951.01,435565
2019-08-23,1942.42,1953.85,1940.60,1948.30,381087
2019-08-26,1915.34,1924.49,1909.92,1916.31,324853
2019-08-27,1928.98,1937.42,1919.28,1924.60,427042
2019-08-28,1929.96,1943.62,1926.43,1941.09,284344
2019-08-29,1943.55,1947.15,1928.49,1933.41,285103
2019-08-30,1951.66,1971.21,1951.30,1967.79,317733
2019-09-02,1961.19,1973.25,1958.59,1969.19,262154
2019-09-03,1966.50,1976.37,1960.15,1965.69,342077
2019-09-04,1962.43,1988.53,1962.08,1988.53,348722
2019-09-05,1993.62,2015.39,1992.51,2004.75,488067
2019-09-06,2016.11,2017.20,2005.69,2009.13,384441
2019-09-09,2013.38,2029.80,2013.28,2019.55,511821
2019-09-10,2024.79,2034.28,2021.58,2032.08,504391
2019-09-11,2043.72,2050.80,2040.04,2049.20,429075
2019-09-16,2056.26,2062.22,2044.80,2062.22,493516
2019-09-17,2058.72,2066.33,2055.17,2062.33,507995
2019-09-18,2064.42,2075.63,2058.52,2070.73,613148
2019-09-19,2070.53,2089.81,2070.53,2080.35,493038
2019-09-20,2080.86,2092.37,2077.30,2091.52,589920
2019-09-23,2087.70,2095.54,2085.60,2091.70,420948
2019-09-24,2090.19,2101.63,2085.91,2101.04,535771
2019-09-25,2093.47,2095.27,2072.41,2073.39,651552
2019-09-26,2082.66,2087.33,2064.34,2074.52,430577
2019-09-27,2066.96,2066.96,2044.75,2049.93,285943
2019-09-30,2045.77,2064.99,2042.01,2063.05,327625
2019-10-01,2062.44,2077.48,2057.91,2072.42,389336
2019-10-02,2058.23,2058.23,2031.91,2031.91,414460
2019-10-04,2028.40,2039.43,2020.69,2020.69,402941
2019-10-07,2031.53,2034.94,2016.19,2021.73,322185
2019-10-08,2029.37,2046.81,2024.63,2046.25,437517
2019-10-10,2030.13,2040.88,2010.90,2028.15,445846
2019-10-11,2048.08,2053.94,2040.48,2044.61,381147
2019-10-14,2068.13,2075.10,2065.53,2067.40,511216
2019-10-15,2064.78,2073.21,2064.34,2068.17,464534
2019-10-16,2080.92,2090.01,2073.80,2082.83,524545
2019-10-17,2081.76,2087.15,2072.49,2077.94,314177
2019-10-18,2082.23,2088.54,2057.89,2060.69,516688
2019-10-21,2067.97,2067.97,2059.33,2064.84,606109
2019-10-22,2076.29,2093.81,2073.08,2088.86,504063
2019-10-23,2086.81,2088.25,2074.88,2080.62,429453
2019-10-24,2089.85,2089.85,2067.90,2085.66,367717
2019-10-25,2091.16,2091.24,2079.30,2087.89,348686
2019-10-28,2096.67,2104.39,2089.76,2093.60,269234
2019-10-29,2103.92,2105.17,2088.04,2092.69,357662
2019-10-30,2093.51,2093.51,2075.54,2080.27,415552
2019-10-31,2089.22,2103.71,2083.48,2083.48,461323
2019-11-01,2084.79,2100.42,2081.53,2100.20,418314
2019-11-04,2111.32,2130.83,2111.32,2130.24,476257
2019-11-05,2133.66,2143.12,2128.70,2142.64,400644
2019-11-06,2142.69,2156.23,2138.83,2144.15,410085
2019-11-07,2141.05,2147.01,2135.45,2144.29,425663
2019-11-08,2154.18,2155.94,2133.75,2137.23,574127
2019-11-11,2139.07,2139.07,2119.07,2124.09,617266
2019-11-12,2131.26,2140.94,2121.80,2140.92,610429
2019-11-13,2132.48,2133.37,2118.67,2122.45,664366
2019-11-14,2127.54,2139.23,2121.32,2139.23,521110
2019-11-15,2137.96,2165.02,2135.26,2162.18,556246
2019-11-18,2161.89,2165.89,2151.97,2160.69,489233
2019-11-19,2151.04,2154.41,2137.01,2153.24,826885
2019-11-20,2140.06,2145.97,2123.80,2125.32,581056
2019-11-21,2123.65,2125.36,2088.19,2096.60,579555
2019-11-22,2098.89,2106.42,2093.99,2101.96,519852
2019-11-25,2117.14,2130.04,2116.07,2123.50,397676
2019-11-26,2129.27,2139.64,2120.85,2121.35,532601
2019-11-27,2134.47,2136.30,2118.07,2127.85,367796
2019-11-28,2116.93,2127.75,2116.58,2118.60,335227
2019-11-29,2125.53,2125.53,2085.10,2087.96,433261
2019-12-02,2097.55,2103.87,2088.92,2091.92,385344
2019-12-03,2075.02,2085.71,2066.60,2084.07,450040
2019-12-04,2070.84,2072.91,2057.45,2068.89,347003
2019-12-05,2078.31,2084.29,2053.56,2060.74,472188
2019-12-06,2072.44,2084.44,2070.17,2081.85,440188
2019-12-09,2091.94,2093.81,2084.31,2088.65,393127
2019-12-10,2081.22,2100.48,2080.16,2098.00,500064
2019-12-11,2098.28,2109.22,2092.48,2105.62,668731
2019-12-12,2120.13,2138.93,2120.13,2137.35,584637
2019-12-13,2164.63,2170.25,2159.45,2170.25,540027
2019-12-16,2168.05,2175.01,2166.29,2168.15,377054
2019-12-17,2179.40,2196.01,2171.09,2195.68,599534
2019-12-18,2194.92,2204.04,2187.32,2194.76,591106
2019-12-19,2199.42,2204.73,2186.59,2196.56,643144
2019-12-20,2205.57,2206.82,2194.80,2204.18,646683
2019-12-23,2208.22,2209.20,2196.43,2203.71,502034
2019-12-24,2206.23,2206.23,2187.58,2190.08,569968
2019-12-26,2192.22,2198.01,2183.90,2197.93,571309
2019-12-27,2183.70,2215.55,2177.40,2204.21,490168
2019-12-30,2202.62,2208.04,2195.65,2197.67,416403
2020-01-02,2201.21,2202.32,2171.84,2175.17,494678
2020-01-03,2192.58,2203.38,2165.39,2176.46,631563
2020-01-06,2154.97,2164.42,2149.95,2155.07,592671
2020-01-07,2166.60,2181.62,2164.27,2175.54,568236
2020-01-08,2156.27,2162.32,2137.72,2151.31,913831
2020-01-09,2182.20,2186.45,2172.16,2186.45,592604
2020-01-10,2189.48,2206.92,2188.10,2206.39,594537
2020-01-13,2204.49,2230.43,2204.49,2229.26,488289
2020-01-14,2243.06,2250.79,2232.94,2238.88,835899
2020-01-15,2229.80,2238.21,2223.39,2230.98,746156
2020-01-16,2231.93,2249.09,2225.41,2248.05,808332
2020-01-17,2261.57,2268.71,2245.58,2250.57,580816
2020-01-20,2261.40,2277.23,2258.09,2262.64,545491
2020-01-21,2259.81,2266.31,2238.25,2239.69,770320
2020-01-22,2238.53,2269.27,2235.13,2267.25,608510
2020-01-23,2254.54,2260.63,2241.94,2246.13,509609
2020-01-28,2192.22,2199.93,2166.23,2176.72,808879
2020-01-29,2188.18,2195.45,2172.33,2185.28,692301
2020-01-30,2181.54,2187.45,2139.72,2148.00,602838
2020-01-31,2160.60,2167.23,2119.01,2119.01,710508
2020-02-03,2086.61,2126.73,2082.74,2118.88,836700
2020-02-04,2121.22,2162.32,2120.53,2157.90,624642
2020-02-05,2177.26,2181.52,2154.88,2165.63,574396
2020-02-06,2184.77,2229.99,2182.25,2227.94,695216
2020-02-07,2221.49,2223.92,2198.14,2211.95,800342
2020-02-10,2185.63,2203.39,2180.51,2201.07,609566
2020-02-11,2213.50,2233.32,2211.25,2223.12,526211
2020-02-12,2225.95,2242.24,2214.77,2238.38,632463
2020-02-13,2245.72,2255.49,2230.30,2232.96,638666
2020-02-14,2232.71,2251.50,2221.90,2243.59,597224
2020-02-17,2243.07,2250.05,2230.26,2242.17,458248
2020-02-18,2225.98,2232.93,2205.21,2208.88,470425
2020-02-19,2222.51,2226.00,2191.20,2210.34,591155
2020-02-20,2223.55,2228.18,2186.72,2195.50,709564
2020-02-21,2165.65,2184.43,2160.28,2162.84,635474
2020-02-24,2114.04,2120.06,2079.03,2079.04,948621
2020-02-25,2075.55,2105.49,2071.50,2103.61,1565588
2020-02-26,2064.07,2089.64,2059.13,2076.77,810938
2020-02-27,2073.87,2085.40,2049.15,2054.89,562775
2020-02-28,2020.17,2031.01,1980.82,1987.01,671552
2020-03-02,1997.03,2017.07,1969.34,2002.51,528103
2020-03-03,2051.85,2051.85,2009.39,2014.15,615693
2020-03-04,2005.81,2063.59,2005.81,2059.33,606287
2020-03-05,2078.11,2089.08,2059.99,2085.26,675205
2020-03-06,2053.09,2062.57,2032.13,2040.22,865588
2020-03-09,1981.02,1989.50,1946.90,1954.77,666868
2020-03-10,1942.85,1968.17,1934.72,1962.93,638564
2020-03-11,1965.67,1967.70,1898.27,1908.27,679716
2020-03-12,1887.97,1897.23,1808.56,1834.33,850345
2020-03-13,1722.68,1809.31,1680.60,1771.44,1035278
2020-03-16,1805.43,1805.43,1714.38,1714.86,682004
2020-03-17,1640.84,1722.97,1637.88,1672.44,649779
2020-03-18,1686.12,1693.95,1591.12,1591.20,728008
2020-03-19,1626.09,1626.09,1439.43,1457.64,977675
2020-03-20,1498.49,1566.82,1466.48,1566.15,817021
2020-03-23,1474.45,1516.75,1458.41,1482.46,647528
2020-03-24,1523.69,1609.97,1508.68,1609.97,679288
2020-03-25,1668.19,1707.64,1645.28,1704.76,872809
2020-03-26,1699.11,1735.75,1679.23,1686.24,992474
2020-03-27,1756.07,1759.05,1668.21,1717.73,1077527
2020-03-30,1670.34,1729.63,1659.95,1717.12,767777
2020-03-31,1739.29,1757.81,1722.62,1754.64,1037488
2020-04-01,1737.28,1762.44,1685.37,1685.46,1243591
2020-04-02,1693.53,1726.76,1664.13,1724.86,766313
2020-04-03,1731.17,1743.91,1706.68,1725.44,1000087
2020-04-06,1745.25,1794.19,1742.67,1791.88,1219389
2020-04-07,1826.72,1838.97,1791.92,1823.60,951739
2020-04-08,1815.75,1842.16,1801.80,1807.14,907494
2020-04-09,1838.09,1839.33,1818.30,1836.21,920571
2020-04-10,1835.76,1861.10,1824.43,1860.70,992548
2020-04-13,1853.30,1853.30,1825.76,1825.76,1017752
2020-04-14,1846.41,1864.46,1837.17,1857.08,886766
2020-04-16,1839.51,1862.23,1828.13,1857.07,878338
2020-04-17,1893.31,1926.02,1893.19,1914.53,1667460
2020-04-20,1908.34,1925.25,1893.17,1898.36,1087463
2020-04-21,1886.78,1898.32,1841.66,1879.38,1174294
2020-04-22,1855.51,1897.90,1844.85,1896.15,820360
2020-04-23,1907.45,1923.53,1895.98,1914.73,683720
2020-04-24,1906.07,1908.29,1880.71,1889.01,933917
2020-04-27,1897.06,1929.82,1894.62,1922.77,735663
2020-04-28,1931.25,1941.79,1911.63,1934.09,1173476
2020-04-29,1936.89,1957.51,1934.31,1947.56,1984182
2020-05-04,1906.42,1918.66,1894.29,1895.37,1146855
2020-05-06,1919.45,1928.76,1902.55,1928.76,1082527
2020-05-07,1922.00,1938.50,1918.57,1928.61,775658
2020-05-08,1944.94,1956.89,1942.54,1945.82,784773
2020-05-11,1953.51,1960.46,1932.87,1935.40,591283
2020-05-12,1938.62,1938.62,1905.17,1922.17,799930
2020-05-13,1897.50,1940.42,1897.24,1940.42,618784
2020-05-14,1922.44,1931.43,1913.49,1924.96,760646
2020-05-15,1937.63,1938.59,1913.21,1927.28,866357
2020-05-18,1934.51,1943.07,1921.14,1937.11,761696
2020-05-19,1977.47,1983.77,1968.59,1980.61,773415
2020-05-20,1972.12,1992.20,1972.12,1989.64,699447
2020-05-21,2003.20,2004.95,1993.00,1998.31,601199
2020-05-22,2001.60,2002.65,1961.40,1970.13,847467
2020-05-25,1980.51,1994.90,1967.84,1994.60,641459
2020-05-26,2001.00,2029.89,1997.94,2029.78,1017804
2020-05-27,2027.90,2043.44,2019.82,2031.20,1178848
2020-05-28,2047.08,2054.52,2003.75,2028.54,1172134
2020-05-29,2018.37,2038.89,2006.62,2029.60,1086215
2020-06-01,2037.04,2065.38,2035.63,2065.08,997348
2020-06-02,2061.45,2089.43,2059.14,2087.19,1000332
2020-06-03,2108.55,2156.55,2107.69,2147.00,1152001
2020-06-04,2181.64,2191.00,2139.68,2151.18,1393308
2020-06-05,2151.17,2187.25,2138.18,2181.87,854591
2020-06-08,2215.60,2217.21,2174.96,2184.29,854035
2020-06-09,2206.23,2212.17,2166.01,2188.92,817085
2020-06-10,2187.91,2200.68,2178.12,2195.69,706294
2020-06-11,2184.36,2200.72,2148.51,2176.78,827381
2020-06-12,2088.24,2137.12,2084.63,2132.30,689897
2020-06-15,2114.41,2129.67,2030.82,2030.82,1072278
2020-06-16,2091.09,2138.08,2079.02,2138.05,973639
2020-06-17,2133.18,2154.37,2105.26,2141.05,927516
2020-06-18,2134.35,2145.13,2120.29,2133.48,767184
2020-06-19,2153.09,2153.57,2108.91,2141.32,1079453
2020-06-22,2126.38,2142.88,2122.10,2126.73,789372
2020-06-23,2149.13,2158.15,2110.51,2131.24,917567
2020-06-24,2145.93,2171.86,2143.91,2161.51,913896
2020-06-25,2130.45,2143.33,2112.37,2112.37,1017721
2020-06-26,2137.47,2142.04,2115.25,2134.65,761044
2020-06-29,2105.54,2120.50,2087.84,2093.48,643156
2020-06-30,2124.38,2134.38,2108.26,2108.33,708605
2020-07-01,2128.81,2133.55,2101.33,2106.70,1116221
2020-07-02,2116.72,2135.37,2113.98,2135.37,1091965
2020-07-03,2147.89,2153.54,2135.30,2152.41,770055
2020-07-06,2158.95,2191.28,2157.71,2187.93,666902
2020-07-07,2202.04,2206.79,2164.03,2164.17,847434
2020-07-08,2166.76,2173.83,2150.89,2158.88,677810
2020-07-09,2171.15,2181.48,2166.74,2167.90,619368
2020-07-10,2171.44,2171.52,2140.29,2150.25,886987
2020-07-13,2170.51,2188.80,2163.07,2186.06,650231
2020-07-14,2176.43,2183.61,2165.60,2183.61,810952
2020-07-15,2208.73,2216.97,2190.66,2201.88,830266
2020-07-16,2203.30,2207.34,2177.82,2183.76,784637
2020-07-17,2187.85,2204.20,2187.85,2201.19,569297
2020-07-20,2209.59,2209.59,2183.83,2198.20,686819
2020-07-21,2219.19,2234.86,2214.28,2228.83,918483
2020-07-22,2228.20,2238.86,2221.62,2228.66,856218
2020-07-23,2227.24,2227.24,2202.99,2216.19,934542
2020-07-24,2196.73,2219.57,2195.49,2200.44,1001025
2020-07-27,2203.48,2231.25,2203.48,2217.86,928625
2020-07-28,2238.19,2266.00,2237.21,2256.99,866726
2020-07-29,2258.35,2276.79,2252.24,2263.16,899494
2020-07-30,2275.33,2281.33,2263.81,2267.01,713039
2020-07-31,2278.53,2281.41,2248.49,2249.37,739689
2020-08-03,2251.65,2254.38,2237.04,2251.04,648462
2020-08-04,2272.33,2284.66,2269.69,2279.97,722906
2020-08-05,2289.23,2312.14,2283.95,2311.86,841299
2020-08-06,2322.64,2352.48,2322.64,2342.61,797147
2020-08-07,2349.25,2362.24,2333.62,2351.67,812595
2020-08-10,2353.92,2390.51,2349.33,2386.38,784617
2020-08-11,2396.11,2429.36,2396.11,2418.67,843438
2020-08-12,2414.78,2432.35,2393.27,2432.35,763735
2020-08-13,2455.28,2458.17,2412.49,2437.53,907219
2020-08-14,2427.85,2435.00,2383.69,2407.49,968125
2020-08-18,2405.84,2419.65,2336.78,2348.24,909750
2020-08-19,2370.87,2380.10,2353.17,2360.54,637965
2020-08-20,2339.91,2357.08,2270.85,2274.22,903744
2020-08-21,2306.16,2329.34,2280.97,2304.59,865736
2020-08-24,2309.38,2332.33,2283.48,2329.83,649277
2020-08-25,2352.15,2369.78,2340.97,2366.73,771585
2020-08-26,2367.74,2374.68,2336.98,2369.32,956478
2020-08-27,2371.95,2373.36,2344.38,2344.45,913917
2020-08-28,2362.22,2379.26,2345.28,2353.80,1297312
2020-08-31,2377.09,2381.50,2326.06,2326.17,1647818
2020-09-01,2340.19,2355.90,2331.23,2349.55,1085245
2020-09-02,2363.43,2369.57,2341.29,2364.37,1429273
2020-09-03,2383.26,2401.78,2382.23,2395.90,981546
2020-09-04,2332.68,2371.02,2332.68,2368.25,1351039
2020-09-07,2369.85,2387.49,2362.42,2384.22,1197385
2020-09-08,2402.66,2407.56,2391.43,2401.91,979357
2020-09-09,2372.53,2388.85,2369.12,2375.81,946247
2020-09-10,2404.83,2406.68,2388.56,2396.48,1064574
2020-09-11,2389.76,2397.56,2374.00,2396.69,882880
2020-09-14,2418.33,2429.07,2410.79,2427.91,963083
2020-09-15,2434.59,2444.57,2423.79,2443.58,849969
2020-09-16,2442.72,2450.53,2429.94,2435.92,772938
2020-09-17,2430.77,2437.02,2398.69,2406.17,853740
2020-09-18,2413.53,2417.81,2396.33,2412.40,756517
2020-09-21,2412.44,2427.17,2379.38,2389.39,1041993
2020-09-22,2388.14,2388.49,2323.58,2332.59,1051028
2020-09-23,2352.56,2354.46,2287.44,2333.24,735042
2020-09-24,2295.62,2309.74,2268.88,2272.70,714881
2020-09-25,2295.19,2296.36,2267.63,2278.79,697962
2020-09-28,2301.16,2314.81,2291.32,2308.08,605977
2020-09-29,2331.51,2339.83,2320.04,2327.89,646218
2020-10-05,2330.55,2364.73,2327.83,2358.00,763618
2020-10-06,2369.17,2378.28,2355.39,2365.90,861755
2020-10-07,2350.82,2387.45,2347.82,2386.94,737994
2020-10-08,2408.49,2409.01,2383.82,2391.96,961726
2020-10-12,2404.18,2409.42,2393.74,2403.73,843574
2020-10-13,2416.85,2418.89,2385.87,2403.15,724920
2020-10-14,2403.74,2405.56,2375.54,2380.48,901177
2020-10-15,2375.91,2376.73,2348.74,2361.21,1165501
2020-10-16,2363.88,2370.73,2325.03,2341.53,920205
2020-10-19,2352.92,2364.25,2344.77,2346.74,931645
2020-10-20,2333.56,2358.41,2322.06,2358.41,874293
2020-10-21,2363.03,2371.74,2356.32,2370.86,812837
2020-10-22,2355.61,2360.22,2339.73,2355.05,815612
2020-10-23,2364.84,2368.57,2344.49,2360.81,890385
2020-10-26,2366.50,2374.50,2342.58,2343.91,822268
2020-10-27,2328.66,2349.33,2321.23,2330.84,666942
2020-10-28,2324.18,2345.46,2316.47,2345.26,705770
2020-10-29,2312.34,2330.17,2299.91,2326.67,509768
2020-10-30,2319.56,2320.20,2266.93,2267.15,795585
2020-11-02,2276.61,2302.64,2267.95,2300.16,678501
2020-11-03,2315.81,2344.77,2315.30,2343.31,887445
2020-11-04,2361.32,2371.14,2339.95,2357.32,986786
2020-11-05,2373.41,2413.79,2370.85,2413.79,702037
2020-11-06,2421.79,2431.11,2404.97,2416.50,825569
2020-11-09,2438.63,2459.15,2434.52,2447.20,1354863
2020-11-10,2453.95,2457.94,2435.59,2452.83,1464168
2020-11-11,2459.50,2488.04,2459.50,2485.87,1272039
2020-11-12,2482.68,2488.79,2467.04,2475.62,1278692
2020-11-13,2470.12,2495.77,2460.96,2493.87,1072383
2020-11-16,2507.46,2546.37,2507.46,2543.03,1239135
2020-11-17,2544.12,2556.09,2533.34,2539.15,1267495
2020-11-18,2548.85,2553.95,2536.78,2545.64,923504
2020-11-19,2536.89,2548.95,2529.53,2547.42,976483
2020-11-20,2544.06,2558.21,2539.79,2553.50,1129501
2020-11-23,2560.04,2605.58,2553.70,2602.59,1649443
2020-11-24,2616.28,2628.52,2605.03,2617.76,1364506
2020-11-25,2637.34,2642.26,2583.41,2601.54,1410105
2020-11-26,2605.73,2625.97,2592.43,2625.91,1387435
2020-11-27,2624.80,2635.00,2618.47,2633.45,1196042
2020-11-30,2648.05,2648.66,2591.34,2591.34,1311831
2020-12-01,2613.42,2638.87,2611.67,2634.25,1151129
2020-12-02,2645.88,2677.26,2644.53,2675.90,1076204
2020-12-03,2686.38,2696.22,2672.85,2696.22,817066
2020-12-04,2705.34,2742.77,2705.34,2731.45,1778897
2020-12-07,2738.11,2754.01,2711.42,2745.44,1499265
2020-12-08,2745.13,2747.45,2700.92,2700.93,1415240
2020-12-09,2703.30,2755.47,2703.30,2755.47,1252305
2020-12-10,2750.34,2765.46,2718.70,2746.46,1227651
2020-12-11,2754.16,2781.04,2754.16,2770.06,1215239
2020-12-14,2769.43,2782.79,2755.29,2762.20,1113631
2020-12-15,2763.65,2769.37,2735.08,2756.82,1093523
2020-12-16,2763.64,2781.08,2761.50,2771.79,1166638
2020-12-17,2769.89,2772.71,2742.25,2770.43,1015484
2020-12-18,2770.95,2782.15,2762.80,2772.18,1059144
2020-12-21,2771.98,2780.24,2747.09,2778.65,1139514
2020-12-22,2772.03,2774.22,2733.64,2733.68,1260762
2020-12-23,2737.74,2769.08,2716.28,2759.82,1121347
2020-12-24,2762.60,2812.16,2762.60,2806.86,1030890
2020-12-28,2820.95,2834.59,2799.56,2808.60,1006250
2020-12-29,2810.55,2823.44,2792.06,2820.51,1046839
2020-12-30,2820.36,2878.21,2809.35,2873.47,1074033
2021-01-04,2874.50,2946.54,2869.11,2944.45,1026510
2021-01-05,2943.67,2990.57,2921.84,2990.57,1519912
2021-01-06,2993.34,3027.16,2961.37,2968.21,1793419
2021-01-07,2980.75,3055.28,2980.75,3031.68,1524655
2021-01-08,3040.11,3161.11,3040.11,3152.18,1297903
2021-01-11,3161.90,3266.23,3096.19,3148.45,1712526
2021-01-12,3145.87,3154.79,3047.56,3125.95,1390618
2021-01-13,3128.26,3164.37,3109.63,3148.29,1578042
2021-01-14,3148.65,3159.03,3128.72,3149.93,1233183
2021-01-15,3153.84,3189.90,3085.90,3085.90,1331079
2021-01-18,3079.90,3079.90,3003.89,3013.93,1472049
2021-01-19,3013.05,3107.00,3011.32,3092.66,1353312
2021-01-20,3115.04,3145.01,3077.15,3114.55,1192695
2021-01-21,3123.27,3163.21,3123.27,3160.84,1360065
2021-01-22,3163.83,3185.26,3140.60,3140.63,1111223
2021-01-25,3144.01,3212.22,3142.80,3208.99,1093653
2021-01-26,3203.96,3209.18,3132.67,3140.31,873024
2021-01-27,3143.46,3182.53,3118.89,3122.56,924582
2021-01-28,3114.98,3114.98,3046.64,3069.05,1310455
2021-01-29,3078.73,3100.22,2962.70,2976.21,995071
2021-02-01,2976.81,3056.87,2947.24,3056.53,969262
2021-02-02,3065.56,3138.95,3065.56,3096.81,887314
2021-02-03,3108.42,3142.26,3091.85,3129.68,901789
2021-02-04,3135.02,3135.02,3068.46,3087.55,1460946
2021-02-05,3098.49,3124.62,3081.78,3120.63,1193487
2021-02-08,3113.63,3128.54,3085.59,3091.24,1277207
2021-02-09,3102.25,3129.66,3084.67,3084.67,2145388
2021-02-10,3088.13,3111.88,3064.25,3100.58,2152917
2021-02-15,3108.70,3156.56,3108.70,3147.00,1604653
2021-02-16,3151.85,3180.94,3145.84,3163.25,1944396
2021-02-17,3162.95,3162.95,3115.48,3133.73,1784127
2021-02-18,3131.74,3140.40,3086.66,3086.66,1860567
2021-02-19,3089.96,3109.67,3040.28,3107.62,3455505
2021-02-22,3114.03,3142.48,3079.16,3079.75,1831956
2021-02-23,3069.26,3094.29,3035.46,3070.09,2357759
2021-02-24,3070.58,3092.05,2993.46,2994.98,1560931
2021-02-25,3026.47,3099.80,3026.47,3099.69,1280086
2021-02-26,3089.49,3089.49,2988.28,3012.95,1361310
2021-03-02,3021.68,3096.50,3020.74,3043.87,1749871
2021-03-03,3041.20,3083.04,3029.37,3082.99,2236688
2021-03-04,3076.88,3076.88,3022.54,3043.49,1278952
2021-03-05,3036.16,3036.98,2982.45,3026.26,1187226
2021-03-08,3031.99,3055.65,2992.64,2996.11,1928302
2021-03-09,2989.96,3000.49,2929.36,2976.12,1534218
2021-03-10,2980.76,3013.95,2951.53,2958.12,905647
2021-03-11,2964.30,3028.37,2964.30,3013.70,1349204
2021-03-12,3030.73,3061.43,3030.73,3054.39,1669085
2021-03-15,3057.06,3065.17,3036.14,3045.71,1161784
2021-03-16,3049.23,3071.54,3049.23,3067.17,1123922
2021-03-17,3067.76,3069.57,3027.20,3047.50,814991
2021-03-18,3054.93,3090.19,3054.93,3066.01,1232596
2021-03-19,3063.01,3063.01,3022.49,3039.53,1068468
2021-03-22,3040.01,3048.11,3019.60,3035.46,915739
2021-03-23,3038.25,3058.79,3003.05,3004.74,1331210
2021-03-24,2996.32,3006.54,2971.04,2996.35,978431
2021-03-25,2995.67,3024.63,2987.83,3008.33,940354
2021-03-26,3012.79,3041.86,3012.79,3041.01,1036383
2021-03-29,3047.71,3054.21,3025.39,3036.04,1288846
2021-03-30,3038.44,3074.57,3038.44,3070.00,1023075
2021-03-31,3073.39,3093.89,3061.40,3061.42,1146989
2021-04-01,3073.77,3090.88,3069.68,3087.40,922680
2021-04-02,3104.72,3121.58,3101.60,3112.80,792705
2021-04-05,3121.23,3127.20,3101.86,3120.83,1084792
2021-04-06,3123.80,3139.29,3110.19,3127.08,1279017
2021-04-07,3129.07,3146.19,3125.33,3137.41,1984774
2021-04-08,3137.25,3145.81,3122.09,3143.26,1357293
2021-04-09,3146.51,3156.04,3125.24,3131.88,1823162
2021-04-12,3134.88,3147.27,3127.91,3135.59,1048783
2021-04-13,3138.21,3173.26,3136.99,3169.08,1741348
2021-04-14,3169.95,3188.32,3162.12,3182.38,1776265
2021-04-15,3180.73,3204.48,3178.99,3194.33,1312992
2021-04-16,3194.08,3206.76,3185.67,3198.62,985278
2021-04-19,3201.11,3214.45,3193.40,3198.84,1060619
2021-04-20,3198.31,3220.82,3195.96,3220.70,1296160
2021-04-21,3214.24,3214.24,3165.49,3171.66,1767091
2021-04-22,3174.52,3196.97,3174.52,3177.52,1752692
2021-04-23,3173.47,3188.70,3146.54,3186.10,2253793
2021-04-26,3191.34,3217.53,3191.34,3217.53,1298330
2021-04-27,3218.30,3223.05,3203.25,3215.42,1534230
2021-04-28,3217.21,3219.69,3176.55,3181.47,1412621
2021-04-29,3184.75,3200.41,3161.06,3174.07,1222430
2021-04-30,3176.43,3179.43,3143.38,3147.86,1359455
2021-05-03,3149.05,3174.26,3120.70,3127.20,1041199
2021-05-04,3131.39,3147.38,3109.78,3147.37,1283830
2021-05-06,3147.72,3178.74,3133.64,3178.74,1239403
2021-05-07,3179.63,3205.11,3179.63,3197.20,989680
2021-05-10,3201.46,3255.90,3201.46,3249.30,1011267
2021-05-11,3239.92,3239.92,3192.25,3209.43,1096718
2021-05-12,3209.36,3212.83,3138.04,3161.66,1424059
2021-05-13,3146.97,3161.93,3103.88,3122.11,1095948
2021-05-14,3131.35,3162.31,3131.35,3153.32,836404
2021-05-17,3163.21,3173.01,3121.32,3134.52,771306
2021-05-18,3135.38,3176.40,3135.38,3173.05,786143
2021-05-20,3174.53,3174.53,3140.48,3162.28,774252
2021-05-21,3171.91,3198.01,3149.46,3156.42,797262
2021-05-24,3155.91,3163.27,3137.81,3144.30,587968
2021-05-25,3152.93,3173.10,3148.30,3171.32,612977
2021-05-26,3171.91,3183.97,3160.30,3168.43,1269999
2021-05-27,3170.84,3173.86,3142.37,3165.51,1082006
2021-05-28,3172.09,3198.66,3171.85,3188.73,966368
2021-05-31,3192.06,3204.29,3179.87,3203.92,1123525
2021-06-01,3207.12,3233.17,3199.18,3221.87,1472571
2021-06-02,3224.40,3241.07,3216.10,3224.23,1495671
2021-06-03,3224.96,3258.50,3224.96,3247.43,1584799
2021-06-04,3246.17,3246.19,3218.67,3240.08,1392320
2021-06-07,3244.59,3264.41,3233.40,3252.12,1733348
2021-06-08,3251.83,3264.67,3242.56,3247.83,1951319
2021-06-09,3245.08,3246.49,3216.18,3216.18,1964923
2021-06-10,3216.94,3235.39,3210.31,3224.64,1896766
2021-06-11,3226.98,3251.58,3226.98,3249.32,1645509
2021-06-14,3249.60,3254.49,3238.51,3252.13,1664527
2021-06-15,3253.17,3262.80,3247.90,3258.63,1734497
2021-06-16,3259.06,3281.96,3256.68,3278.68,2345811
2021-06-17,3276.20,3276.20,3251.32,3264.96,1848671
2021-06-18,3265.68,3275.76,3262.58,3267.93,1627658
2021-06-21,3264.18,3264.18,3225.56,3240.79,1508634
2021-06-22,3245.79,3267.63,3245.79,3263.88,1666697
2021-06-23,3265.73,3281.88,3263.07,3276.19,1069175
2021-06-24,3281.47,3292.27,3277.85,3286.10,1301271
2021-06-25,3289.18,3316.08,3289.18,3302.84,1198188
2021-06-28,3305.46,3311.69,3291.30,3301.89,1428764
2021-06-29,3305.26,3305.42,3276.63,3286.68,1213047
2021-06-30,3288.63,3305.73,3288.63,3296.68,1610376
2021-07-01,3297.92,3300.12,3278.10,3282.06,1159231
2021-07-02,3282.81,3295.68,3278.19,3281.78,1019998
2021-07-05,3285.29,3298.93,3285.29,3293.21,850406
2021-07-06,3295.44,3313.51,3295.44,3305.21,1029465
2021-07-07,3303.59,3303.59,3277.66,3285.34,1147641
2021-07-08,3287.68,3295.71,3252.41,3252.68,1516034
2021-07-09,3245.52,3245.52,3188.80,3217.95,1308365
2021-07-12,3227.51,3251.45,3227.51,3246.47,1135043
2021-07-13,3253.24,3273.90,3253.24,3271.38,1150101
2021-07-14,3270.09,3270.09,3250.45,3264.81,908954
2021-07-15,3269.33,3286.58,3263.09,3286.22,1172431
2021-07-16,3282.89,3282.89,3259.32,3276.91,1066507
2021-07-19,3258.87,3258.87,3236.39,3244.04,1095559
2021-07-20,3223.24,3234.80,3214.42,3232.70,979670
2021-07-21,3251.13,3252.25,3215.91,3215.91,990327
2021-07-22,3235.17,3253.75,3235.17,3250.21,712983
2021-07-23,3253.44,3264.01,3246.09,3254.42,805048
2021-07-26,3265.99,3265.99,3224.95,3224.95,826067
2021-07-27,3244.43,3252.85,3230.75,3232.53,991939
2021-07-28,3226.06,3243.21,3210.90,3236.86,868603
2021-07-29,3248.49,3252.26,3232.50,3242.65,694823
2021-07-30,3234.37,3234.66,3202.32,3202.32,687861
2021-08-02,3218.42,3223.04,3194.00,3223.04,561003
2021-08-03,3221.57,3237.14,3213.20,3237.14,653513
2021-08-04,3246.65,3283.14,3237.55,3280.38,632242
2021-08-05,3283.25,3296.17,3273.33,3276.13,680941
2021-08-06,3277.06,3288.17,3261.93,3270.36,941361
2021-08-09,3258.10,3275.15,3251.74,3260.42,707654
2021-08-10,3272.44,3272.44,3232.46,3243.19,730349
2021-08-11,3235.36,3250.21,3217.65,3220.62,618093
2021-08-12,3213.58,3229.59,3202.11,3208.38,643283
2021-08-13,3205.75,3209.72,3146.76,3171.29,696468
2021-08-17,3169.74,3179.49,3134.48,3143.09,690842
2021-08-18,3141.98,3175.88,3124.56,3158.93,622792
2021-08-19,3140.01,3158.00,3097.83,3097.83,655629
2021-08-20,3111.10,3122.09,3049.03,3060.51,672088
2021-08-23,3086.81,3111.81,3064.65,3090.21,570980
2021-08-24,3119.70,3142.58,3115.23,3138.30,586535
2021-08-25,3148.13,3161.00,3124.25,3146.81,624688
2021-08-26,3151.30,3159.37,3121.04,3128.53,727719
2021-08-27,3116.29,3143.01,3106.97,3133.90,520669
2021-08-30,3160.87,3164.87,3132.77,3144.19,602858
2021-08-31,3144.49,3199.89,3130.30,3199.27,661221
2021-09-01,3195.67,3215.13,3185.80,3207.02,746705
2021-09-02,3198.03,3204.01,3171.78,3175.85,757860
2021-09-03,3189.71,3203.08,3181.64,3201.06,641510
2021-09-06,3196.30,3206.25,3186.79,3203.33,726190
2021-09-07,3200.07,3201.76,3176.81,3187.42,760160
2021-09-08,3178.74,3187.55,3157.07,3162.99,859889
2021-09-09,3146.64,3158.60,3111.49,3114.70,927369
2021-09-10,3121.09,3131.54,3103.38,3125.76,723085
2021-09-13,3117.35,3139.13,3109.01,3127.86,732270
2021-09-14,3137.32,3164.31,3137.32,3148.83,713227
2021-09-15,3147.21,3164.01,3138.80,3153.40,616557
2021-09-16,3165.38,3167.68,3126.65,3130.09,612873
2021-09-17,3127.75,3142.13,3112.51,3140.51,589244
2021-09-23,3123.64,3131.63,3107.98,3127.58,623841
2021-09-24,3140.73,3146.86,3119.40,3125.24,753222
2021-09-27,3121.70,3146.35,3119.26,3133.64,883229
2021-09-28,3133.40,3134.46,3095.72,3097.92,894913
2021-09-29,3055.50,3069.04,3030.60,3060.27,821558
2021-09-30,3054.87,3079.43,3046.43,3068.82,885819
2021-10-01,3056.21,3062.60,3015.01,3019.18,855482
2021-10-05,2998.17,2998.17,2940.59,2962.17,840557
2021-10-06,2986.06,2993.47,2908.30,2908.31,901722
2021-10-07,2936.87,2961.53,2927.60,2959.46,595382
2021-10-08,2977.82,2978.08,2949.01,2956.30,668947
2021-10-12,2950.22,2950.94,2901.51,2916.38,660181
2021-10-13,2913.34,2953.33,2909.47,2944.41,752132
2021-10-14,2968.87,2988.97,2962.33,2988.64,617170
2021-10-15,3012.62,3021.90,2999.33,3015.06,857798
2021-10-18,3017.48,3021.17,2990.44,3006.68,926369
2021-10-19,3022.23,3034.53,3014.19,3029.04,845704
2021-10-20,3043.13,3047.24,3012.97,3013.13,680327
2021-10-21,3012.28,3025.88,3002.74,3007.33,887370
2021-10-22,3005.36,3018.70,2996.26,3006.16,695273
2021-10-25,3001.10,3025.27,2983.29,3020.54,791796
2021-10-26,3039.82,3051.65,3030.53,3049.08,564560
2021-10-27,3045.83,3049.02,3019.00,3025.49,607875
2021-10-28,3023.17,3034.42,3009.55,3009.55,617257
2021-10-29,3025.67,3030.17,2965.40,2970.68,545834
2021-11-01,2984.18,2991.81,2976.87,2978.94,475382
2021-11-02,2995.58,3034.30,2995.58,3013.49,525853
2021-11-03,3020.36,3020.87,2969.01,2975.71,658648
2021-11-04,3000.92,3011.56,2978.07,2983.22,772024
2021-11-05,3003.53,3003.53,2953.96,2969.27,688028
2021-11-08,2965.36,2968.18,2930.90,2960.20,560205
2021-11-09,2958.15,2987.28,2949.17,2962.46,708773
2021-11-10,2947.46,2958.61,2924.36,2930.17,570932
2021-11-11,2911.41,2925.19,2903.72,2924.92,572859
2021-11-12,2945.95,2973.84,2938.27,2968.80,665733
2021-11-15,2989.68,3003.71,2979.96,2999.52,639396
2021-11-16,2995.68,3011.88,2985.34,2997.21,579646
2021-11-17,3004.02,3004.67,2957.70,2962.42,541490
2021-11-18,2959.26,2964.48,2937.53,2947.38,541653
2021-11-19,2951.06,2974.64,2948.07,2971.02,657094
2021-11-22,2983.38,3018.01,2980.73,3013.25,530959
2021-11-23,3013.16,3016.36,2992.14,2997.33,524233
2021-11-24,3006.34,3017.90,2981.02,2994.29,556640
2021-11-25,2996.74,2996.74,2973.24,2980.27,595970
2021-11-26,2973.04,2985.77,2930.31,2936.44,595598
2021-11-29,2906.15,2930.22,2890.78,2909.32,844400
2021-11-30,2932.71,2942.93,2822.73,2839.01,983556
2021-12-01,2860.12,2905.74,2837.03,2899.72,563927
2021-12-02,2874.64,2945.27,2874.64,2945.27,534462
2021-12-03,2935.93,2975.44,2927.55,2968.33,486749
2021-12-06,2954.82,2983.50,2932.49,2973.25,479908
2021-12-07,2973.84,2992.31,2960.90,2991.72,541370
2021-12-08,3017.93,3036.13,2995.34,3001.80,488246
2021-12-09,3007.00,3029.57,3001.55,3029.57,513446
2021-12-10,3008.70,3017.64,2998.29,3010.23,451599
2021-12-13,3019.67,3043.83,3000.51,3001.66,375828
2021-12-14,2983.95,3001.70,2976.16,2987.95,581570
2021-12-15,2979.83,2992.30,2973.00,2989.39,432874
2021-12-16,3013.26,3018.20,2989.63,3006.41,402825
2021-12-17,2985.20,3017.73,2984.19,3017.73,451824
2021-12-20,3001.33,3001.33,2962.07,2963.00,377585
2021-12-21,2981.67,2984.56,2955.90,2975.03,410980
2021-12-22,2993.50,3000.79,2976.65,2984.48,461755
2021-12-23,2998.02,3000.70,2980.91,2998.17,483839
2021-12-24,3009.48,3025.77,3009.48,3012.43,537548
2021-12-27,3013.94,3017.31,2999.30,2999.55,475363
2021-12-28,3006.77,3020.29,2991.55,3020.24,607046
2021-12-29,3002.90,3007.72,2988.67,2993.29,545832
2021-12-30,2999.75,3005.36,2975.74,2977.65,461038
2022-01-03,2998.32,3010.77,2979.42,2988.77,435826
2022-01-04,2991.97,2995.25,2973.08,2989.24,621549
2022-01-05,2984.05,2986.20,2936.73,2953.97,787346
2022-01-06,2925.40,2952.54,2915.38,2920.53,786045
2022-01-07,2933.78,2959.03,2933.10,2954.89,546172
2022-01-10,2947.37,2951.12,2910.90,2926.72,477400
2022-01-11,2930.93,2943.57,2909.82,2927.38,566172
2022-01-12,2950.78,2972.58,2950.31,2972.48,519501
2022-01-13,2979.91,2982.14,2958.39,2962.09,604871
2022-01-14,2937.61,2944.97,2914.73,2921.92,532668
2022-01-17,2918.55,2919.67,2875.98,2890.10,593261
2022-01-18,2898.98,2902.79,2857.26,2864.24,554041
2022-01-19,2840.34,2871.79,2832.18,2842.28,463829
2022-01-20,2842.28,2862.70,2830.97,2862.68,395669
2022-01-21,2837.49,2847.95,2817.11,2834.29,532753
2022-01-24,2823.76,2828.11,2780.68,2792.00,473993
2022-01-25,2786.41,2789.62,2703.99,2720.39,639959
2022-01-26,2729.75,2744.14,2708.10,2709.24,472651
2022-01-27,2709.24,2722.86,2614.49,2614.49,487727
2022-01-28,2617.87,2668.59,2591.53,2663.34,434187
2022-02-03,2706.34,2735.34,2702.78,2707.82,435710
2022-02-04,2714.83,2751.80,2712.87,2750.26,536149
2022-02-07,2750.70,2750.70,2718.94,2745.06,417838
2022-02-08,2767.76,2779.85,2726.72,2746.47,560534
2022-02-09,2772.63,2773.38,2753.51,2768.85,539124
2022-02-10,2787.44,2788.27,2761.76,2771.93,509611
2022-02-11,2739.14,2766.70,2735.08,2747.71,480520
2022-02-14,2715.10,2724.72,2688.24,2704.48,616343
2022-02-15,2712.45,2716.45,2665.47,2676.54,589039
2022-02-16,2719.61,2730.43,2711.34,2729.68,422366
2022-02-17,2735.11,2770.66,2711.99,2744.09,611422
2022-02-18,2714.52,2747.08,2711.88,2744.52,513521
2022-02-21,2706.65,2746.62,2694.90,2743.80,495301
2022-02-22,2705.08,2721.84,2690.09,2706.79,648401
2022-02-23,2727.43,2729.56,2705.31,2719.53,537841
2022-02-24,2689.28,2694.55,2642.63,2648.80,926400
2022-02-25,2678.47,2694.81,2665.96,2676.76,664347
2022-02-28,2663.00,2699.18,2658.25,2699.18,613470
2022-03-02,2698.31,2716.46,2692.24,2703.52,527950
2022-03-03,2729.86,2748.21,2726.35,2747.08,614515
2022-03-04,2736.58,2736.58,2702.34,2713.43,765676
2022-03-07,2680.17,2680.17,2644.10,2651.31,571562
2022-03-08,2617.33,2647.18,2605.81,2622.40,540370
2022-03-10,2660.86,2682.79,2660.86,2680.32,613810
2022-03-11,2665.95,2672.62,2647.28,2661.28,797034
2022-03-14,2654.93,2661.76,2633.31,2645.65,636324
2022-03-15,2630.31,2641.97,2615.08,2621.53,604182
2022-03-16,2649.85,2659.90,2630.03,2659.23,736354
2022-03-17,2703.27,2714.00,2694.51,2694.51,546079
2022-03-18,2695.64,2708.16,2688.71,2707.02,644017
2022-03-21,2717.81,2717.81,2683.69,2686.05,502402
2022-03-22,2686.68,2712.14,2686.58,2710.00,489442
2022-03-23,2727.12,2742.27,2720.83,2735.05,883376
2022-03-24,2716.25,2729.66,2705.14,2729.66,960898
2022-03-25,2740.83,2740.95,2722.36,2729.98,602771
2022-03-28,2721.22,2737.46,2707.74,2729.56,768043
2022-03-29,2745.62,2754.18,2733.22,2741.07,732159
2022-03-30,2758.31,2760.60,2740.02,2746.74,840134
2022-03-31,2743.24,2765.20,2743.20,2757.65,1030289
2022-04-01,2745.85,2745.85,2729.68,2739.85,1305564
2022-04-04,2729.86,2758.38,2722.45,2757.90,1022971
2022-04-05,2765.50,2769.18,2750.50,2759.20,1605994
2022-04-06,2739.07,2747.85,2730.66,2735.03,1321645
2022-04-07,2714.70,2718.50,2693.36,2695.86,999276
2022-04-08,2706.64,2712.00,2685.52,2700.39,948355
2022-04-11,2687.54,2711.02,2683.96,2693.10,742602
2022-04-12,2674.17,2685.08,2658.40,2666.76,870970
2022-04-13,2677.53,2717.63,2672.60,2716.49,733241
2022-04-14,2719.34,2720.30,2702.61,2716.71,665351
2022-04-15,2695.52,2705.41,2685.01,2696.06,693718
2022-04-18,2685.04,2701.11,2681.37,2693.21,1024915
2022-04-19,2707.76,2723.98,2705.32,2718.89,1257385
2022-04-20,2718.49,2724.46,2702.84,2718.69,1736283
2022-04-21,2725.71,2737.54,2725.04,2728.21,1002973
2022-04-22,2704.72,2708.58,2690.48,2704.71,1239910
2022-04-25,2676.67,2680.35,2657.04,2657.13,1018005
2022-04-26,2674.00,2678.05,2663.83,2668.31,889942
2022-04-27,2630.58,2641.82,2615.50,2639.06,1072367
2022-04-28,2656.54,2667.49,2638.37,2667.49,899169
2022-04-29,2669.18,2696.10,2664.06,2695.05,975253
2022-05-02,2669.21,2689.91,2667.85,2687.45,873723
2022-05-03,2690.16,2702.10,2680.46,2680.46,883403
2022-05-04,2690.45,2696.03,2667.23,2677.57,1181020
2022-05-06,2650.89,2652.51,2635.97,2644.51,1333936
2022-05-09,2634.32,2642.75,2606.08,2610.81,892653
2022-05-10,2590.13,2602.75,2553.01,2596.56,841463
2022-05-11,2586.52,2599.11,2579.09,2592.27,679510
2022-05-12,2569.50,2591.57,2546.80,2550.08,900331
2022-05-13,2570.01,2605.84,2565.96,2604.24,788539
2022-05-16,2624.69,2629.20,2593.61,2596.58,780199
2022-05-17,2603.58,2621.84,2603.58,2620.44,873519
2022-05-18,2634.75,2644.13,2618.00,2625.98,870268
2022-05-19,2576.24,2597.79,2568.54,2592.34,677595
2022-05-20,2605.78,2641.68,2605.38,2639.29,755653
2022-05-23,2651.63,2653.87,2634.29,2647.38,644205
2022-05-24,2638.94,2646.99,2605.87,2605.87,851236
2022-05-25,2621.75,2630.17,2602.94,2617.22,712611
2022-05-26,2616.99,2641.91,2602.01,2612.45,595849
2022-05-27,2640.75,2644.71,2631.49,2638.05,590814
2022-05-30,2662.31,2672.74,2654.18,2669.66,469798
2022-05-31,2666.88,2685.90,2654.32,2685.90,671679
2022-06-02,2670.74,2674.00,2653.59,2658.99,525259
2022-06-03,2679.57,2681.51,2663.00,2670.65,562470
2022-06-07,2659.27,2662.04,2622.78,2626.34,524710
2022-06-08,2633.53,2639.52,2621.96,2626.15,576390
2022-06-09,2618.92,2627.88,2606.61,2625.44,814883
2022-06-10,2596.37,2602.80,2583.74,2595.87,724090
2022-06-13,2550.21,2550.32,2504.51,2504.51,660309
2022-06-14,2472.96,2503.17,2457.39,2492.97,671757
2022-06-15,2490.01,2495.54,2436.04,2447.38,714143
2022-06-16,2481.66,2500.36,2447.33,2451.41,584041
2022-06-17,2409.72,2441.34,2396.47,2440.93,634897
2022-06-20,2449.89,2449.89,2372.35,2391.03,592702
2022-06-21,2402.99,2423.48,2385.60,2408.93,479678
2022-06-22,2417.11,2418.05,2342.81,2342.81,532139
2022-06-23,2347.84,2361.23,2306.48,2314.32,749661
2022-06-24,2327.11,2373.48,2319.99,2366.60,654446
2022-06-27,2383.20,2418.94,2365.86,2401.92,510587
2022-06-28,2405.20,2422.10,2393.96,2422.09,564986
2022-06-29,2387.10,2393.25,2375.45,2377.99,422127
2022-06-30,2368.57,2368.57,2332.59,2332.64,515396
2022-07-01,2342.92,2354.97,2291.49,2305.42,530346
2022-07-04,2310.73,2318.31,2276.63,2300.34,467960
2022-07-05,2322.11,2344.08,2309.62,2341.78,323905
2022-07-06,2330.11,2332.14,2290.33,2292.01,410732
2022-07-07,2308.97,2344.14,2307.90,2334.27,340173
2022-07-08,2352.49,2367.84,2348.74,2350.61,411425
2022-07-11,2357.43,2363.26,2337.82,2340.27,377108
2022-07-12,2330.88,2333.02,2303.74,2317.76,379308
2022-07-13,2324.45,2341.19,2312.49,2328.61,308806
2022-07-14,2316.41,2338.29,2307.69,2322.32,349138
2022-07-15,2335.12,2337.30,2293.45,2330.98,319675
2022-07-18,2350.48,2376.50,2344.12,2375.25,324357
2022-07-19,2367.52,2372.74,2359.59,2370.97,339378
2022-07-20,2406.29,2410.06,2382.65,2386.85,333329
2022-07-21,2387.91,2411.96,2387.91,2409.16,295624
2022-07-22,2405.37,2417.91,2391.48,2393.14,381597
2022-07-25,2385.65,2412.47,2385.65,2403.69,323091
2022-07-26,2397.27,2415.39,2395.17,2412.96,415671
2022-07-27,2412.52,2415.53,2396.19,2415.53,333588
2022-07-28,2437.57,2443.43,2429.07,2435.27,491073
2022-07-29,2453.53,2463.05,2442.01,2451.50,499369
2022-08-01,2444.05,2461.40,2437.13,2452.25,487160
2022-08-02,2451.00,2451.07,2428.76,2439.62,549924
2022-08-03,2438.56,2461.45,2433.12,2461.45,475302
2022-08-04,2478.44,2478.95,2465.32,2473.11,399965
2022-08-05,2481.43,2497.58,2480.05,2490.80,409776
2022-08-08,2481.17,2494.00,2477.76,2493.10,418234
2022-08-09,2493.57,2506.49,2481.36,2503.46,454364
2022-08-10,2493.70,2494.15,2478.21,2480.88,479467
2022-08-11,2507.74,2523.78,2506.41,2523.78,505246
2022-08-12,2519.66,2533.20,2514.31,2527.94,445547
2022-08-16,2543.05,2546.35,2532.20,2533.52,398335
2022-08-17,2536.57,2543.15,2512.01,2516.47,418053
2022-08-18,2499.30,2515.37,2488.09,2508.05,381628
2022-08-19,2510.72,2510.72,2492.69,2492.69,459835
2022-08-22,2467.38,2475.77,2457.08,2462.50,422552
2022-08-23,2449.31,2454.55,2431.83,2435.34,471166
2022-08-24,2446.18,2454.01,2430.69,2447.45,423502
2022-08-25,2459.79,2477.26,2455.32,2477.26,426230
2022-08-26,2489.14,2497.76,2476.75,2481.03,520091
2022-08-29,2432.06,2432.89,2417.01,2426.89,448746
2022-08-30,2441.21,2453.91,2433.48,2450.93,336555
2022-08-31,2433.47,2473.75,2426.14,2472.05,436247
2022-09-01,2443.00,2443.61,2415.61,2415.61,580021
2022-09-02,2427.70,2432.37,2402.67,2409.41,391599
2022-09-05,2410.07,2424.77,2392.63,2403.68,354738
2022-09-06,2409.72,2422.53,2399.26,2410.02,294224
2022-09-07,2395.66,2398.40,2365.35,2376.46,378200
2022-09-08,2393.27,2394.06,2379.06,2384.28,423621
2022-09-13,2418.59,2453.95,2418.59,2449.54,367103
2022-09-14,2390.47,2418.42,2381.50,2411.42,461508
2022-09-15,2416.01,2421.63,2401.83,2401.83,424111
2022-09-16,2387.56,2395.10,2371.11,2382.78,440799
2022-09-19,2388.73,2389.85,2352.76,2355.66,403937
2022-09-20,2373.64,2382.52,2359.84,2367.85,419340
2022-09-21,2351.54,2360.27,2341.79,2347.21,378165
2022-09-22,2319.70,2335.11,2309.10,2332.31,446820
2022-09-23,2331.33,2334.06,2285.71,2290.00,446461
2022-09-26,2260.80,2260.80,2215.36,2220.94,621995
2022-09-27,2224.39,2227.35,2197.90,2223.86,487940
2022-09-28,2206.15,2223.56,2151.60,2169.29,596136
2022-09-29,2197.75,2210.61,2170.14,2170.93,508501
2022-09-30,2161.11,2177.20,2134.77,2155.49,950270
2022-10-04,2189.51,2212.38,2180.84,2209.38,421003
2022-10-05,2248.85,2253.93,2204.03,2215.22,855790
2022-10-06,2230.43,2250.87,2223.36,2237.86,643016
2022-10-07,2217.84,2245.88,2215.08,2232.84,428683
2022-10-11,2193.02,2193.05,2174.06,2192.07,859509
2022-10-12,2191.35,2205.02,2181.65,2202.47,658348
2022-10-13,2198.29,2198.34,2162.87,2162.87,792452
2022-10-14,2200.66,2220.54,2193.63,2212.55,513524
2022-10-17,2187.17,2221.05,2177.66,2219.71,498781
2022-10-18,2249.15,2251.74,2220.71,2249.95,580892
2022-10-19,2249.35,2266.80,2234.59,2237.44,895161
2022-10-20,2225.53,2231.52,2200.44,2218.09,1108103
2022-10-21,2210.59,2224.04,2204.64,2213.12,637486
2022-10-24,2248.26,2256.67,2229.85,2236.16,444820
2022-10-25,2237.04,2253.24,2230.75,2235.07,456770
2022-10-26,2240.70,2258.11,2234.49,2249.56,563442
2022-10-27,2266.07,2290.56,2262.02,2288.78,587872
2022-10-28,2276.73,2292.65,2266.44,2268.40,427245
2022-10-31,2293.75,2295.51,2273.73,2293.61,401400
2022-11-01,2301.58,2335.57,2297.57,2335.22,597206
2022-11-02,2326.05,2346.32,2323.37,2336.87,450635
2022-11-03,2297.45,2342.86,2296.44,2329.17,550428
2022-11-04,2325.85,2348.43,2316.29,2348.43,436430
2022-11-07,2360.22,2373.28,2354.22,2371.79,392509
2022-11-08,2387.20,2400.39,2375.67,2399.04,500088
2022-11-09,2408.54,2429.65,2403.64,2424.41,680722
2022-11-10,2405.77,2426.10,2401.99,2402.23,899127
2022-11-11,2466.90,2486.46,2463.51,2483.16,758248
2022-11-14,2485.18,2499.43,2470.60,2474.65,731166
2022-11-15,2482.76,2485.20,2463.65,2480.33,617401
2022-11-16,2487.00,2487.00,2446.79,2477.45,657834
2022-11-17,2466.50,2467.39,2442.90,2442.90,914519
2022-11-18,2448.13,2471.87,2442.87,2444.48,589586
2022-11-21,2446.05,2448.14,2409.36,2419.50,544529
2022-11-22,2405.96,2426.40,2401.50,2405.27,539169
2022-11-23,2424.36,2427.28,2407.58,2418.01,474789
2022-11-24,2437.51,2441.33,2428.12,2441.33,481185
2022-11-25,2442.21,2449.66,2433.57,2437.86,438394
2022-11-28,2425.05,2425.65,2401.95,2408.27,350497
2022-11-29,2405.54,2433.87,2401.10,2433.39,550175
2022-11-30,2424.44,2472.53,2421.42,2472.53,594127
2022-12-01,2501.43,2501.43,2474.33,2479.84,491383
2022-12-02,2471.50,2471.50,2434.33,2434.33,468847
2022-12-05,2442.17,2442.22,2413.05,2419.32,385586
2022-12-06,2397.70,2416.88,2390.20,2393.16,368636
2022-12-07,2385.87,2394.88,2377.98,2382.81,332587
2022-12-08,2386.90,2387.95,2357.20,2371.08,351939
2022-12-09,2382.73,2390.08,2367.25,2389.04,315674
2022-12-12,2373.58,2381.87,2368.47,2373.02,499225
2022-12-13,2385.05,2388.27,2364.87,2372.40,447565
2022-12-14,2380.81,2400.18,2379.44,2399.25,409799
2022-12-15,2383.83,2392.11,2360.95,2360.97,375386
2022-12-16,2329.75,2360.44,2326.83,2360.02,414172
2022-12-19,2350.78,2358.76,2342.28,2352.17,323987
2022-12-20,2344.73,2353.86,2324.66,2333.29,358771
2022-12-21,2346.39,2347.00,2325.78,2328.95,329724
2022-12-22,2340.00,2356.73,2335.75,2356.73,553053
2022-12-23,2325.86,2333.08,2311.90,2313.69,366989
2022-12-26,2312.54,2321.92,2304.20,2317.14,427845
2022-12-27,2327.52,2335.99,2321.48,2332.79,448499
2022-12-28,2296.45,2296.45,2276.90,2280.45,405894
2022-12-29,2265.73,2272.67,2236.38,2236.40,361194
2023-01-02,2249.95,2259.88,2222.37,2225.67,346345
2023-01-03,2230.98,2230.98,2180.67,2218.68,410245
2023-01-04,2205.98,2260.06,2198.82,2255.98,412841
2023-01-05,2268.20,2281.39,2252.97,2264.65,430977
2023-01-06,2253.40,2300.62,2253.27,2289.97,398607
2023-01-09,2315.87,2351.06,2312.56,2350.19,342096
2023-01-10,2348.04,2370.18,2344.18,2351.31,359914
2023-01-11,2364.05,2369.66,2350.36,2359.53,369011
2023-01-12,2376.72,2377.80,2358.33,2365.10,580433
2023-01-13,2377.34,2397.01,2375.78,2386.09,862230
2023-01-16,2390.06,2410.22,2387.61,2399.86,517762
2023-01-17,2400.92,2404.00,2374.65,2379.39,536811
2023-01-18,2380.36,2383.00,2356.84,2368.32,537393
2023-01-19,2354.56,2380.34,2354.56,2380.34,370099
2023-01-20,2380.00,2395.97,2372.57,2395.26,302507
2023-01-25,2426.58,2432.71,2421.51,2428.57,550087
2023-01-26,2436.18,2468.65,2426.40,2468.65,486832
2023-01-27,2474.52,2497.40,2464.53,2484.02,509288
2023-01-30,2484.64,2491.13,2446.59,2450.47,475410
2023-01-31,2449.92,2457.48,2423.37,2425.08,617196
2023-02-01,2446.03,2453.29,2433.37,2449.80,666296
2023-02-02,2481.94,2486.20,2454.60,2468.88,693116
2023-02-03,2466.54,2485.08,2460.21,2480.40,496861
2023-02-06,2461.82,2469.42,2438.04,2438.19,566819
2023-02-07,2440.14,2456.17,2432.40,2451.71,451159
2023-02-08,2469.42,2487.35,2465.96,2483.64,415677
2023-02-09,2470.66,2487.14,2466.61,2481.52,610694
2023-02-10,2470.65,2473.80,2454.74,2469.73,662366
2023-02-13,2461.96,2462.58,2440.86,2452.70,486399
2023-02-14,2471.33,2480.34,2459.83,2465.64,349432
2023-02-15,2473.09,2473.44,2424.16,2427.90,387067
2023-02-16,2444.06,2475.99,2442.07,2475.48,388027
2023-02-17,2447.66,2471.51,2445.74,2451.21,514047
2023-02-20,2453.25,2463.17,2430.27,2455.12,390013
2023-02-21,2457.51,2466.07,2446.00,2458.96,494661
2023-02-22,2430.87,2435.98,2416.16,2417.68,427482
2023-02-23,2430.01,2449.62,2422.62,2439.09,400992
2023-02-24,2442.49,2452.97,2421.47,2423.61,369900
2023-02-27,2405.42,2405.56,2383.76,2402.64,357218
2023-02-28,2417.58,2431.67,2407.29,2412.85,529790
2023-03-02,2414.61,2440.59,2411.85,2427.85,428342
2023-03-03,2438.73,2442.10,2423.08,2432.07,371882
2023-03-06,2452.46,2464.45,2441.07,2462.62,418814
2023-03-07,2457.04,2475.73,2455.65,2463.35,450481
2023-03-08,2435.58,2442.61,2426.52,2431.91,438359
2023-03-09,2440.79,2444.20,2416.25,2419.09,476375
2023-03-10,2389.82,2400.87,2383.19,2394.59,413411
2023-03-13,2400.45,2413.24,2369.79,2410.60,380740
2023-03-14,2390.36,2390.78,2348.19,2348.97,485076
2023-03-15,2380.09,2395.36,2370.77,2379.72,443751
2023-03-16,2357.98,2382.79,2346.11,2377.91,320194
2023-03-17,2403.70,2405.35,2382.80,2395.69,364176
2023-03-20,2391.87,2405.99,2378.70,2379.20,346034
2023-03-21,2396.54,2399.52,2383.17,2388.35,355195
2023-03-22,2411.25,2417.47,2402.78,2416.96,501412
2023-03-23,2398.27,2424.48,2397.91,2424.48,567704
2023-03-24,2421.27,2423.76,2399.49,2414.96,470659
2023-03-27,2423.94,2423.94,2395.97,2409.22,472847
2023-03-28,2418.69,2434.94,2415.34,2434.94,524016
2023-03-29,2432.63,2443.95,2428.61,2443.92,497219
2023-03-30,2452.97,2462.70,2439.43,2453.16,629052
2023-03-31,2459.94,2481.24,2456.54,2476.86,722612
2023-04-03,2485.81,2485.81,2467.59,2472.34,811724
2023-04-04,2475.87,2489.71,2472.79,2480.51,832555
2023-04-05,2482.61,2497.61,2478.67,2495.21,632720
2023-04-06,2488.00,2488.00,2458.50,2459.23,751378
2023-04-07,2478.64,2493.06,2473.89,2490.41,586993
2023-04-10,2491.68,2519.99,2490.17,2512.08,717648
2023-04-11,2523.33,2550.97,2514.42,2547.86,768176
2023-04-12,2546.36,2561.37,2536.23,2550.64,900750
2023-04-13,2534.71,2561.66,2531.07,2561.66,841719
2023-04-14,2580.10,2581.74,2560.53,2571.49,892446
2023-04-17,2570.30,2577.08,2561.14,2575.91,775752
2023-04-18,2582.23,2582.23,2557.19,2571.09,896932
2023-04-19,2570.06,2582.11,2568.46,2575.08,956994
2023-04-20,2566.06,2573.94,2552.06,2563.11,951423
2023-04-21,2556.70,2559.44,2532.32,2544.40,970398
2023-04-24,2538.36,2541.89,2518.73,2523.50,927191
2023-04-25,2531.35,2531.35,2472.33,2489.02,886422
2023-04-26,2489.49,2498.56,2481.38,2484.83,1089216
2023-04-27,2484.31,2499.01,2465.83,2495.81,733500
2023-04-28,2511.79,2517.13,2489.58,2501.53,777535
2023-05-02,2504.01,2524.42,2503.21,2524.39,701399
2023-05-03,2510.19,2514.37,2497.83,2501.40,889609
2023-05-04,2494.82,2502.14,2486.09,2500.94,810178
2023-05-08,2518.53,2525.84,2511.13,2513.21,655536
2023-05-09,2512.34,2514.81,2495.63,2510.06,751647
2023-05-10,2505.96,2510.13,2488.42,2496.51,635635
2023-05-11,2505.57,2513.82,2490.08,2491.00,648134
2023-05-12,2487.35,2487.35,2472.45,2475.42,798230
2023-05-15,2469.80,2479.35,2455.99,2479.35,484565
2023-05-16,2494.40,2498.54,2474.90,2480.24,628744
2023-05-17,2479.65,2498.37,2475.02,2494.66,564412
2023-05-18,2511.09,2515.40,2500.01,2515.40,572765
2023-05-19,2530.83,2538.31,2524.89,2537.79,570097
2023-05-22,2540.03,2564.09,2533.50,2557.08,593620
2023-05-23,2565.80,2577.32,2561.10,2567.55,576045
2023-05-24,2557.11,2572.21,2555.04,2567.45,1072440
2023-05-25,2570.64,2575.05,2551.49,2554.69,917554
2023-05-26,2561.94,2567.50,2553.79,2558.81,634759
2023-05-30,2582.41,2586.22,2574.82,2585.52,641647
2023-05-31,2586.03,2596.31,2575.98,2577.12,686187
2023-06-01,2572.56,2580.15,2565.00,2569.17,675233
2023-06-02,2586.27,2601.38,2583.88,2601.36,569620
2023-06-05,2617.43,2618.62,2608.01,2615.41,545880
2023-06-07,2623.46,2629.92,2613.68,2615.60,537617
2023-06-08,2609.21,2612.39,2595.33,2610.85,581325
2023-06-09,2624.15,2644.70,2618.45,2641.16,583219
2023-06-12,2647.49,2650.45,2623.43,2629.35,557056
2023-06-13,2644.43,2645.62,2633.52,2637.95,694321
2023-06-14,2640.81,2642.86,2614.25,2619.08,654405
2023-06-15,2629.24,2634.22,2602.52,2608.54,582437
2023-06-16,2623.57,2625.79,2612.21,2625.79,673673
2023-06-19,2618.06,2619.44,2600.49,2609.50,719549
2023-06-20,2602.83,2610.03,2596.82,2604.91,722541
2023-06-21,2599.19,2600.97,2579.52,2582.63,659799
2023-06-22,2575.65,2597.76,2575.65,2593.70,613221
2023-06-23,2599.04,2600.81,2568.07,2570.10,528307
2023-06-26,2568.65,2585.31,2562.03,2582.20,481751
2023-06-27,2581.02,2582.00,2568.52,2581.39,538509
2023-06-28,2590.52,2590.52,2559.46,2564.19,488768
2023-06-29,2564.02,2577.69,2550.02,2550.02,604509
2023-06-30,2558.43,2571.03,2541.72,2564.28,510934
2023-07-03,2580.89,2604.63,2580.49,2602.47,618006
2023-07-04,2604.72,2607.66,2591.86,2593.31,674411
2023-07-05,2593.47,2601.99,2578.66,2579.00,601089
2023-07-06,2574.75,2575.45,2550.67,2556.29,531900
2023-07-07,2547.41,2547.41,2515.07,2526.71,613265
2023-07-10,2528.08,2539.63,2517.67,2520.70,561821
2023-07-11,2538.84,2562.49,2534.48,2562.49,594135
2023-07-12,2557.61,2574.73,2554.26,2574.72,696924
2023-07-13,2589.89,2602.21,2587.75,2591.23,585661
2023-07-14,2607.47,2628.30,2603.36,2628.30,569815
2023-07-17,2617.67,2627.12,2611.55,2619.00,550570
2023-07-18,2624.59,2626.89,2600.67,2607.62,493202
2023-07-19,2622.24,2622.54,2598.52,2608.24,440074
2023-07-20,2595.38,2611.34,2589.29,2600.23,372365
2023-07-21,2581.06,2609.76,2570.58,2609.76,501872
2023-07-24,2608.47,2636.06,2595.21,2628.53,529363
2023-07-25,2643.35,2646.71,2621.60,2636.46,723472
2023-07-26,2638.76,2639.21,2580.98,2592.36,834107
2023-07-27,2599.82,2617.61,2586.36,2603.81,594163
2023-07-28,2593.67,2609.54,2586.33,2608.32,503267
2023-07-31,2628.87,2639.45,2622.21,2632.58,454243
2023-08-01,2644.34,2668.21,2639.10,2667.07,493643
2023-08-02,2651.53,2660.90,2611.77,2616.47,704674
2023-08-03,2624.76,2625.45,2591.30,2605.39,789416
2023-08-04,2606.17,2612.30,2598.38,2602.80,645750
2023-08-07,2591.58,2607.36,2580.71,2580.71,504071
2023-08-08,2598.29,2601.41,2568.15,2573.98,638419
2023-08-09,2580.60,2608.98,2576.21,2605.12,467527
2023-08-10,2592.40,2601.56,2590.02,2601.56,568155
2023-08-11,2611.25,2616.84,2589.94,2591.26,675390
2023-08-14,2586.51,2592.91,2561.88,2570.87,624378
2023-08-16,2550.13,2550.53,2520.87,2525.64,685136
2023-08-17,2512.92,2520.56,2482.06,2519.85,735133
2023-08-18,2495.18,2519.60,2489.63,2504.50,557785
2023-08-21,2511.70,2524.41,2505.59,2508.80,399459
2023-08-22,2528.39,2533.43,2509.53,2515.74,471809
2023-08-23,2510.00,2517.51,2499.89,2505.50,547170
2023-08-24,2531.78,2539.44,2520.73,2537.68,441140
2023-08-25,2505.39,2526.37,2502.05,2519.14,577384
2023-08-28,2534.42,2543.41,2525.64,2543.41,483588
2023-08-29,2550.76,2556.98,2545.27,2552.16,441366
2023-08-30,2575.42,2578.62,2561.22,2561.22,364003
2023-08-31,2564.45,2568.06,2547.72,2556.27,473169
2023-09-01,2551.93,2568.42,2551.04,2563.71,493367
2023-09-04,2566.93,2584.55,2560.32,2584.55,342073
2023-09-05,2578.91,2586.65,2575.19,2582.18,384579
2023-09-06,2577.41,2585.98,2560.09,2563.34,422126
2023-09-07,2554.87,2562.42,2539.24,2548.26,377271
2023-09-08,2546.07,2550.96,2530.05,2547.68,396289
2023-09-11,2549.88,2556.89,2540.44,2556.88,411070
2023-09-12,2566.42,2568.55,2535.15,2536.58,359410
2023-09-13,2536.22,2549.38,2528.18,2534.70,417576
2023-09-14,2544.89,2572.89,2541.11,2572.89,412509
2023-09-15,2574.98,2611.00,2572.37,2601.28,441730
2023-09-18,2588.69,2596.55,2573.26,2574.72,416290
2023-09-19,2579.36,2583.25,2555.46,2559.21,462342
2023-09-20,2556.55,2566.62,2551.12,2559.74,414668
2023-09-21,2544.81,2549.63,2514.96,2514.97,394676
2023-09-22,2491.45,2513.26,2486.14,2508.13,433184
2023-09-25,2504.10,2509.38,2486.44,2495.76,438615
2023-09-26,2493.64,2495.00,2461.59,2462.97,427476
2023-09-27,2447.99,2469.72,2445.51,2465.07,366241
2023-10-04,2435.78,2435.78,2402.84,2405.69,424859
2023-10-05,2423.35,2426.61,2402.50,2403.60,451722
2023-10-06,2408.81,2421.18,2403.92,2408.73,289392
2023-10-10,2436.58,2448.24,2402.44,2402.58,416004
2023-10-11,2436.52,2463.56,2436.52,2450.08,446949
2023-10-12,2465.19,2479.82,2464.84,2479.82,515452
2023-10-13,2460.85,2466.62,2452.83,2456.15,582884
2023-10-16,2442.43,2453.77,2422.52,2436.24,788356
2023-10-17,2454.14,2466.87,2449.42,2460.17,509375
2023-10-18,2452.05,2465.33,2450.78,2462.60,911546
2023-10-19,2431.92,2433.45,2412.55,2415.80,756947
2023-10-20,2391.54,2394.67,2364.01,2375.00,521208
2023-10-23,2370.07,2375.79,2354.70,2357.02,395930
2023-10-24,2371.55,2384.14,2326.67,2383.51,444165
2023-10-25,2389.23,2389.90,2362.69,2363.17,440807
2023-10-26,2325.82,2330.55,2299.08,2299.08,531073
2023-10-27,2311.59,2321.84,2293.05,2302.81,514876
2023-10-30,2292.34,2317.75,2292.34,2310.55,444842
2023-10-31,2318.39,2322.45,2273.97,2277.99,394982
2023-11-01,2292.89,2312.15,2288.64,2301.56,358157
2023-11-02,2334.96,2351.91,2333.41,2343.12,377462
2023-11-03,2365.59,2370.28,2351.83,2368.34,578662
2023-11-06,2399.80,2502.37,2395.03,2502.37,528585
2023-11-07,2476.35,2476.35,2418.74,2443.96,457676
2023-11-08,2460.22,2468.43,2418.14,2421.62,467218
2023-11-09,2425.93,2437.90,2413.04,2427.08,395031
2023-11-10,2406.40,2413.62,2393.64,2409.66,312468
2023-11-13,2431.24,2435.32,2399.04,2403.76,307123
2023-11-14,2424.93,2442.37,2422.97,2433.25,306964
2023-11-15,2482.21,2487.42,2468.43,2486.67,419843
2023-11-16,2483.48,2491.98,2472.69,2488.18,407441
2023-11-17,2477.43,2481.10,2463.59,2469.85,388974
2023-11-20,2464.72,2499.75,2464.04,2491.20,323806
2023-11-21,2504.70,2517.74,2500.91,2510.42,345055
2023-11-22,2493.17,2516.72,2490.43,2511.70,439486
2023-11-23,2515.83,2522.20,2507.30,2514.96,360874
2023-11-24,2517.88,2521.56,2496.63,2496.63,359383
2023-11-27,2501.83,2511.37,2489.18,2495.66,364744
2023-11-28,2506.14,2522.45,2502.26,2521.76,443090
2023-11-29,2518.80,2523.98,2501.44,2519.81,579271
2023-11-30,2512.11,2535.29,2507.80,2535.29,664284
2023-12-01,2520.49,2520.49,2504.06,2505.01,516596
2023-12-04,2522.22,2525.63,2510.52,2514.95,498861
2023-12-05,2507.45,2509.74,2492.55,2494.28,427067
2023-12-06,2503.57,2509.67,2495.38,2495.38,390989
2023-12-07,2493.14,2499.73,2481.00,2492.07,446877
2023-12-08,2510.24,2521.58,2507.14,2517.85,431797
2023-12-11,2524.79,2528.89,2512.45,2525.36,435004
2023-12-12,2535.11,2543.06,2529.74,2535.27,378034
2023-12-13,2531.23,2531.23,2509.89,2510.66,377934
2023-12-14,2547.74,2549.65,2532.16,2544.18,530124
2023-12-15,2558.44,2574.23,2555.30,2563.56,465314
2023-12-18,2568.77,2573.13,2556.05,2566.86,384828
2023-12-19,2564.81,2570.06,2556.52,2568.55,392497
2023-12-20,2586.99,2615.38,2584.85,2614.30,570423
2023-12-21,2598.37,2610.81,2587.16,2600.02,578335
2023-12-22,2617.72,2621.37,2599.51,2599.51,465967
2023-12-26,2609.44,2612.14,2594.65,2602.59,440428
2023-12-27,2599.35,2613.50,2590.08,2613.50,349733
2023-12-28,2616.27,2655.28,2611.72,2655.28,460087
2024-01-02,2645.47,2675.80,2641.88,2669.81,409872
2024-01-03,2643.54,2643.72,2607.31,2607.31,463132
2024-01-04,2592.44,2602.64,2580.09,2587.02,770176
2024-01-05,2586.89,2592.29,2572.60,2578.08,522290
2024-01-08,2584.23,2591.68,2566.34,2567.82,320144
2024-01-09,2598.31,2599.37,2556.00,2561.24,791214
2024-01-10,2563.97,2568.19,2539.82,2541.98,570021
2024-01-11,2543.03,2557.30,2540.27,2540.27,788423
2024-01-12,2536.55,2543.83,2517.76,2525.05,790177
2024-01-15,2525.69,2536.06,2515.84,2525.99,802102
2024-01-16,2516.27,2524.35,2491.13,2497.59,659579
2024-01-17,2501.23,2503.91,2435.34,2435.90,965595
2024-01-18,2439.96,2453.97,2429.12,2440.04,571508
2024-01-19,2468.43,2479.00,2455.50,2472.74,518807
2024-01-22,2489.57,2490.69,2464.35,2464.35,388046
2024-01-23,2478.32,2482.84,2464.24,2478.61,472284
2024-01-24,2476.22,2476.22,2454.34,2469.69,395464
2024-01-25,2467.73,2474.01,2452.36,2470.34,357234
2024-01-26,2458.05,2502.61,2453.45,2478.56,292662
2024-01-29,2490.93,2516.92,2483.81,2500.65,427440
2024-01-30,2523.68,2528.54,2498.81,2498.81,481809
2024-01-31,2487.90,2502.45,2486.97,2497.09,454574
2024-02-01,2491.93,2542.46,2491.93,2542.46,751075
2024-02-02,2559.40,2615.34,2559.39,2615.31,596121
2024-02-05,2612.77,2612.77,2562.50,2591.31,511678
2024-02-06,2584.20,2599.18,2563.87,2576.20,411618
2024-02-07,2592.59,2625.24,2588.09,2609.58,518182
2024-02-08,2620.26,2629.51,2610.21,2620.32,430009
2024-02-13,2644.17,2656.87,2640.96,2649.64,559385
2024-02-14,2609.60,2627.31,2601.99,2620.42,543525
2024-02-15,2643.81,2643.86,2613.80,2613.80,621363
2024-02-16,2635.63,2648.76,2625.01,2648.76,593842
2024-02-19,2653.12,2683.39,2653.12,2680.26,422699
2024-02-20,2671.55,2673.84,2643.93,2657.79,612668
2024-02-21,2656.92,2670.95,2644.04,2653.31,562144
2024-02-22,2671.69,2671.69,2653.99,2664.27,456397
2024-02-23,2681.03,2694.80,2665.21,2667.70,415376
2024-02-26,2657.35,2659.60,2629.78,2647.08,531661
2024-02-27,2654.76,2654.76,2619.38,2625.05,574302
2024-02-28,2629.11,2657.32,2623.15,2652.29,421553
2024-02-29,2643.48,2647.56,2628.62,2642.36,496065
2024-03-04,2664.52,2682.80,2662.32,2674.27,404014
2024-03-05,2660.80,2684.83,2649.35,2649.40,457237
2024-03-06,2638.84,2649.78,2630.16,2641.49,378994
2024-03-07,2653.98,2660.26,2633.57,2647.62,462911
2024-03-08,2676.79,2688.00,2668.38,2680.35,454260
2024-03-11,2665.58,2677.21,2658.74,2659.84,391385
2024-03-12,2673.47,2686.14,2659.72,2681.81,403969
2024-03-13,2694.71,2701.45,2679.54,2693.57,498760
2024-03-14,2698.37,2718.76,2696.31,2718.76,609288
2024-03-15,2701.91,2705.59,2666.84,2666.84,584948
2024-03-18,2678.52,2688.07,2665.28,2685.84,408183
2024-03-19,2673.57,2673.57,2645.14,2656.17,695866
2024-03-20,2680.70,2692.52,2674.09,2690.14,720452
2024-03-21,2731.18,2755.45,2724.25,2754.86,825227
2024-03-22,2751.15,2763.06,2738.18,2748.56,509545
2024-03-25,2756.59,2763.63,2731.70,2737.57,489620
2024-03-26,2756.42,2779.40,2752.27,2757.09,448301
2024-03-27,2745.00,2762.03,2745.00,2755.11,510644
2024-03-28,2753.22,2756.86,2742.68,2745.82,419278
2024-03-29,2757.27,2757.55,2739.12,2746.63,495496
2024-04-01,2766.24,2769.87,2747.40,2747.86,397601
2024-04-02,2744.15,2760.33,2737.19,2753.16,630393
2024-04-03,2730.68,2732.29,2706.97,2706.97,640806
2024-04-04,2738.24,2746.39,2727.10,2742.00,477953
2024-04-05,2713.96,2730.47,2705.31,2714.21,621031
2024-04-08,2718.76,2725.58,2706.74,2717.65,620653
2024-04-09,2733.23,2741.23,2703.96,2705.16,470184
2024-04-11,2665.40,2718.07,2661.92,2706.96,561333
2024-04-12,2710.89,2712.45,2678.21,2681.82,514575
2024-04-15,2661.36,2673.26,2641.16,2670.43,561950
2024-04-16,2644.17,2647.60,2601.45,2609.63,570212
2024-04-17,2619.15,2626.63,2584.18,2584.18,414348
2024-04-18,2595.46,2642.03,2593.26,2634.70,478786
2024-04-19,2600.69,2609.90,2553.55,2591.86,809473
2024-04-22,2615.72,2629.44,2604.37,2629.44,401892
2024-04-23,2632.15,2641.78,2619.72,2623.02,430276
2024-04-24,2662.84,2677.85,2662.84,2675.75,325740
2024-04-25,2646.80,2656.51,2628.62,2628.62,334062
2024-04-26,2650.94,2662.10,2641.35,2656.33,450521
2024-04-29,2675.46,2687.44,2665.21,2687.44,470546
2024-04-30,2693.22,2710.23,2687.29,2692.06,460084
2024-05-02,2679.04,2692.47,2678.84,2683.65,351087
2024-05-03,2704.31,2705.26,2676.63,2676.63,338612
2024-05-07,2718.17,2734.36,2716.62,2734.36,532203
2024-05-08,2732.11,2745.05,2727.93,2745.05,436315
2024-05-09,2743.29,2749.14,2710.25,2712.14,423811
2024-05-10,2737.95,2743.58,2723.21,2727.63,586133
2024-05-13,2735.20,2738.38,2713.92,2727.21,625278
2024-05-14,2732.98,2735.82,2722.74,2730.34,443296
2024-05-16,2770.27,2773.46,2748.22,2753.00,521841
2024-05-17,2751.47,2752.17,2724.62,2724.62,575936
2024-05-20,2741.24,2756.41,2734.64,2742.14,582071
2024-05-21,2733.03,2734.48,2719.74,2724.18,560819
2024-05-22,2723.46,2733.07,2707.87,2723.46,484724
2024-05-23,2719.03,2734.27,2704.00,2721.81,428080
2024-05-24,2693.65,2696.99,2681.17,2687.60,501639
2024-05-27,2697.16,2725.08,2693.66,2722.99,556710
2024-05-28,2715.52,2730.12,2714.34,2722.85,440957
2024-05-29,2719.56,2721.63,2677.07,2677.30,438981
2024-05-30,2666.63,2666.63,2635.44,2635.44,372742
2024-05-31,2657.87,2664.48,2635.77,2636.52,613718
2024-06-03,2657.81,2690.73,2657.81,2682.52,782329
2024-06-04,2668.73,2679.47,2659.43,2662.10,773460
2024-06-05,2681.11,2697.43,2667.63,2689.50,881481
2024-06-07,2718.25,2729.63,2705.23,2722.67,783871
2024-06-10,2698.71,2718.89,2689.19,2701.17,506892
2024-06-11,2716.72,2718.88,2702.17,2705.32,558893
2024-06-12,2709.65,2730.30,2707.44,2728.17,511009
2024-06-13,2764.18,2776.72,2752.61,2754.89,700027
2024-06-14,2759.22,2769.16,2750.86,2758.42,644979
2024-06-17,2754.83,2759.86,2741.03,2744.10,593985
2024-06-18,2765.70,2772.35,2759.03,2763.92,561975
2024-06-19,2786.16,2799.32,2786.16,2797.33,646706
2024-06-20,2802.10,2812.62,2796.37,2807.63,758166
2024-06-21,2794.87,2797.00,2777.33,2784.26,631143
2024-06-24,2772.85,2782.90,2758.09,2764.73,594166
2024-06-25,2765.76,2780.42,2765.76,2774.39,714242
2024-06-26,2767.43,2792.07,2762.98,2792.05,535034
2024-06-27,2767.62,2784.33,2761.55,2784.06,397169
2024-06-28,2792.79,2797.82,2782.40,2797.82,610550
2024-07-01,2792.96,2805.95,2783.98,2804.31,459218
2024-07-02,2798.65,2805.42,2776.62,2780.86,538842
2024-07-03,2797.14,2799.70,2774.71,2794.01,340338
2024-07-04,2817.06,2824.94,2808.88,2824.94,393739
2024-07-05,2836.21,2871.96,2836.21,2862.23,378159
2024-07-08,2862.58,2868.99,2855.53,2857.76,425056
2024-07-09,2872.63,2875.37,2854.13,2867.38,456429
2024-07-10,2863.05,2871.56,2858.87,2867.99,472473
2024-07-11,2888.76,2896.43,2879.28,2891.35,462217
2024-07-12,2867.75,2872.25,2844.88,2857.00,408178
2024-07-15,2869.15,2872.90,2848.93,2860.92,424458
2024-07-16,2861.71,2872.21,2857.07,2866.09,677905
2024-07-17,2865.90,2868.58,2841.33,2843.29,549094
2024-07-18,2805.64,2824.35,2799.02,2824.35,658375
2024-07-19,2800.21,2802.68,2776.99,2795.46,426208
2024-07-22,2790.99,2795.12,2752.63,2763.51,463878
2024-07-23,2788.83,2796.92,2765.81,2774.29,423403
2024-07-24,2755.50,2778.31,2748.65,2758.71,469221
2024-07-25,2721.29,2725.15,2703.86,2710.65,440318
2024-07-26,2724.99,2738.40,2715.75,2731.90,516468
2024-07-29,2748.32,2776.86,2742.69,2765.53,456516
2024-07-30,2744.40,2754.53,2732.82,2738.19,392868
2024-07-31,2745.58,2770.70,2733.63,2770.69,557090
2024-08-01,2787.27,2794.11,2772.97,2777.68,480834
2024-08-02,2719.39,2725.05,2666.40,2676.19,531785
2024-08-05,2611.30,2611.30,2386.96,2441.55,763778
2024-08-06,2533.34,2578.77,2491.47,2522.15,567266
2024-08-07,2515.27,2594.83,2510.82,2568.41,476991
2024-08-08,2530.21,2570.34,2518.52,2556.73,495299
2024-08-09,2603.08,2603.08,2575.90,2588.43,475012
2024-08-12,2602.16,2622.86,2602.01,2618.30,293084
2024-08-13,2624.50,2636.12,2607.52,2621.50,378532
2024-08-14,2649.11,2653.71,2632.44,2644.50,328748
2024-08-16,2695.49,2699.61,2680.74,2697.23,385852
2024-08-19,2697.97,2699.84,2664.28,2674.36,395637
2024-08-20,2699.74,2706.05,2686.06,2696.63,484188
2024-08-21,2687.20,2704.98,2684.61,2701.13,417330
2024-08-22,2710.95,2711.38,2690.35,2707.67,441756
2024-08-23,2690.80,2712.84,2689.54,2701.69,330592
2024-08-26,2716.88,2718.47,2688.79,2698.01,333688
2024-08-27,2696.24,2700.18,2681.92,2689.25,264057
2024-08-28,2690.59,2695.51,2671.59,2689.83,280774
2024-08-29,2657.18,2672.90,2649.56,2662.28,288836
2024-08-30,2676.72,2686.51,2668.66,2674.31,278845
2024-09-02,2683.80,2686.98,2658.31,2681.00,266993
2024-09-03,2683.12,2695.59,2664.63,2664.63,303460
2024-09-04,2589.94,2608.13,2578.07,2580.80,455469
2024-09-05,2598.36,2615.80,2560.65,2575.50,379003
2024-09-06,2576.66,2576.94,2529.31,2544.28,374782
2024-09-09,2498.67,2543.22,2491.30,2535.93,270231
2024-09-10,2542.69,2544.83,2522.48,2523.43,347650
2024-09-11,2524.86,2526.13,2493.37,2513.37,302561
2024-09-12,2547.50,2572.09,2537.87,2572.09,340479
2024-09-13,2571.81,2584.11,2562.91,2575.41,358263
2024-09-19,2594.67,2598.68,2550.09,2580.80,385081
2024-09-20,2603.83,2619.55,2591.40,2593.37,495964
2024-09-23,2596.47,2603.57,2588.49,2602.01,339140
2024-09-24,2612.45,2631.68,2597.81,2631.68,355097
2024-09-25,2652.71,2663.36,2596.32,2596.32,454472
2024-09-26,2630.91,2671.57,2630.30,2671.57,324889
2024-09-27,2674.58,2681.45,2649.78,2649.78,413004
2024-09-30,2665.24,2668.66,2593.27,2593.27,358916
2024-10-02,2566.55,2591.61,2555.46,2561.69,351004
2024-10-04,2563.70,2585.59,2555.57,2569.71,414329
2024-10-07,2579.20,2611.93,2561.46,2610.38,343671
2024-10-08,2592.65,2601.96,2581.79,2594.36,318240
2024-10-10,2611.65,2613.61,2596.86,2599.16,618560
2024-10-11,2612.02,2621.93,2594.43,2596.91,491276
2024-10-14,2602.63,2628.54,2602.63,2623.29,401706
2024-10-15,2632.37,2635.32,2615.47,2633.45,438293
2024-10-16,2606.70,2622.33,2601.35,2610.36,437553
2024-10-17,2620.74,2622.71,2603.52,2609.30,331265
2024-10-18,2616.04,2618.32,2587.96,2593.82,265201
2024-10-21,2600.77,2618.71,2594.05,2604.92,240675
2024-10-22,2600.87,2604.16,2564.46,2570.70,343318
2024-10-23,2575.25,2607.79,2567.42,2599.62,352421
2024-10-24,2591.69,2600.26,2578.80,2581.03,343098
2024-10-25,2597.44,2611.27,2577.00,2583.27,462898
2024-10-28,2588.45,2612.96,2587.20,2612.43,333736
2024-10-29,2606.94,2617.80,2595.86,2617.80,363290
2024-10-30,2606.99,2613.47,2586.88,2593.79,487359
2024-10-31,2575.24,2579.65,2552.36,2556.15,406613
2024-11-01,2542.96,2559.30,2536.84,2542.36,319849
2024-11-04,2549.04,2588.97,2542.68,2588.97,373944
2024-11-05,2570.24,2586.73,2564.66,2576.88,310875
2024-11-06,2591.90,2592.75,2544.04,2563.51,548506
2024-11-07,2557.23,2579.81,2540.48,2564.63,465146
2024-11-08,2586.70,2593.15,2553.42,2561.15,448735
2024-11-11,2562.05,2562.05,2525.56,2531.66,572197
2024-11-12,2527.94,2532.44,2481.53,2482.57,735813
2024-11-13,2468.27,2478.87,2415.77,2417.08,619176
2024-11-14,2430.26,2441.43,2410.93,2418.86,639990
2024-11-15,2413.05,2433.18,2390.56,2416.86,623327
2024-11-18,2440.31,2480.01,2437.53,2469.07,443926
2024-11-19,2469.13,2479.39,2465.15,2471.95,410856
2024-11-20,2475.76,2489.15,2471.79,2482.29,408790
2024-11-21,2474.62,2496.97,2474.62,2480.63,451119
2024-11-22,2493.42,2511.23,2492.21,2501.24,543518
2024-11-25,2524.11,2541.76,2517.98,2534.34,564692
2024-11-26,2521.39,2526.62,2512.21,2520.36,441709
2024-11-27,2518.82,2526.32,2498.32,2503.06,414339
2024-11-28,2499.69,2513.63,2495.64,2504.67,342571
2024-11-29,2496.93,2496.93,2446.96,2455.91,384278
2024-12-02,2479.02,2483.29,2448.45,2454.48,328110
2024-12-03,2472.06,2500.67,2471.55,2500.10,324138
2024-12-04,2450.76,2483.04,2442.46,2464.00,670284
2024-12-05,2471.45,2471.45,2434.78,2441.85,519352
2024-12-06,2451.60,2459.24,2397.73,2428.16,630409
2024-12-09,2392.37,2399.52,2360.18,2360.58,591644
2024-12-10,2384.51,2419.06,2384.51,2417.84,598770
2024-12-11,2412.15,2443.34,2411.38,2442.51,617717
2024-12-12,2456.63,2487.95,2448.76,2482.12,664187
2024-12-13,2473.75,2500.32,2470.24,2494.46,577737
2024-12-16,2511.08,2515.62,2483.43,2488.97,526708
2024-12-17,2487.31,2487.31,2455.05,2456.81,559040
2024-12-18,2463.06,2492.00,2462.82,2484.43,441678
2024-12-19,2426.55,2450.05,2423.59,2435.93,504467
2024-12-20,2429.63,2430.69,2389.86,2404.15,617782
2024-12-23,2423.36,2446.97,2413.62,2442.01,428167
2024-12-24,2450.55,2452.85,2432.42,2440.52,386778
2024-12-26,2449.52,2449.52,2428.82,2429.67,322800
2024-12-27,2419.46,2423.86,2388.33,2404.77,311291
2024-12-30,2397.49,2429.75,2390.44,2399.49,303964
2025-01-02,2400.87,2410.99,2386.84,2398.94,350692
2025-01-03,2402.58,2454.67,2402.58,2441.92,407536
2025-01-06,2453.30,2489.10,2446.82,2488.64,302761
2025-01-07,2513.49,2521.86,2492.09,2492.10,407693
2025-01-08,2481.25,2526.77,2481.25,2521.05,362909
2025-01-09,2526.10,2535.87,2515.82,2521.90,404290
2025-01-10,2528.42,2535.24,2506.29,2515.78,377587
2025-01-13,2508.15,2513.93,2483.73,2489.56,578565
2025-01-14,2501.49,2504.89,2482.74,2497.40,414488
2025-01-15,2511.07,2524.36,2493.10,2496.81,538534
2025-01-16,2528.27,2534.01,2519.86,2527.49,451063
2025-01-17,2520.85,2528.48,2513.84,2523.55,445885
2025-01-20,2533.68,2536.72,2516.28,2520.05,437546
2025-01-21,2533.23,2548.44,2507.95,2518.03,572011
2025-01-22,2535.80,2552.57,2526.89,2547.06,583737
2025-01-23,2541.24,2541.60,2515.49,2515.49,609742
2025-01-24,2529.29,2542.83,2522.64,2536.80,602015
2025-01-31,2534.33,2537.98,2496.95,2517.37,454403
2025-02-03,2468.74,2468.74,2437.61,2453.95,522848
2025-02-04,2481.44,2508.35,2471.63,2481.69,479377
2025-02-05,2503.94,2514.71,2498.74,2509.27,437344
2025-02-06,2521.82,2536.75,2515.34,2536.75,479697
2025-02-07,2532.09,2537.63,2519.01,2521.92,419872
2025-02-10,2510.64,2527.33,2499.18,2521.27,393564
2025-02-11,2532.87,2549.44,2527.74,2539.05,451093
2025-02-12,2534.71,2549.58,2528.74,2548.39,464894
2025-02-13,2558.95,2583.74,2555.98,2583.17,680342
2025-02-14,2588.20,2600.57,2582.84,2591.05,499365
2025-02-17,2595.99,2612.80,2592.57,2610.42,366340
2025-02-18,2613.25,2628.47,2605.15,2626.81,421993
2025-02-19,2633.91,2680.70,2633.91,2671.52,525799
2025-02-20,2661.72,2667.59,2645.53,2654.06,529303
2025-02-21,2653.76,2656.04,2638.44,2654.58,444704
2025-02-24,2636.12,2645.27,2626.88,2645.27,536354
2025-02-25,2617.64,2641.49,2617.12,2630.29,410285
2025-02-26,2629.86,2648.06,2620.16,2641.09,386763
2025-02-27,2637.63,2638.47,2610.47,2621.75,513910
2025-02-28,2585.61,2586.78,2531.24,2532.78,588572
2025-03-04,2522.20,2548.78,2513.31,2528.92,484081
2025-03-05,2548.45,2561.47,2535.18,2558.13,569412
2025-03-06,2573.55,2583.65,2565.57,2576.16,609616
2025-03-07,2553.44,2575.48,2541.49,2563.48,567191
2025-03-10,2555.40,2579.76,2549.99,2570.39,435695
2025-03-11,2516.69,2547.88,2505.91,2537.60,399016
2025-03-12,2552.60,2579.69,2541.66,2574.82,401645
2025-03-13,2598.06,2600.07,2561.02,2573.64,427292
2025-03-14,2565.18,2576.74,2559.24,2566.36,362329
2025-03-17,2588.32,2610.69,2587.52,2610.69,396574
2025-03-18,2627.27,2638.56,2606.91,2612.34,555527
2025-03-19,2613.48,2642.83,2613.48,2628.62,653327
2025-03-20,2648.16,2650.72,2629.20,2637.10,455019
2025-03-21,2633.90,2645.82,2617.78,2643.13,497529
2025-03-24,2636.43,2648.82,2629.38,2632.07,372432
2025-03-25,2653.04,2654.63,2612.74,2615.81,439279
2025-03-26,2628.09,2649.15,2618.05,2643.94,507916
2025-03-27,2620.28,2633.03,2603.41,2607.15,403314
2025-03-28,2592.63,2592.63,2549.26,2557.98,513562
2025-03-31,2513.44,2514.22,2479.46,2481.12,391593
2025-04-01,2511.24,2530.61,2494.43,2521.39,453394
2025-04-02,2525.62,2532.15,2499.83,2505.86,515600
2025-04-03,2437.43,2488.92,2437.43,2486.70,480057
2025-04-04,2450.49,2506.71,2438.02,2465.42,695075
2025-04-07,2359.25,2369.40,2327.01,2328.20,619501
2025-04-08,2381.20,2381.31,2328.94,2334.23,557018
2025-04-09,2329.99,2337.58,2284.72,2293.70,699642
2025-04-10,2395.13,2445.06,2391.39,2445.06,670388
2025-04-11,2400.74,2433.18,2394.25,2432.72,369703
2025-04-14,2454.28,2465.56,2449.48,2455.89,488618
2025-04-15,2464.51,2482.56,2461.23,2477.41,560340
2025-04-16,2472.78,2475.83,2442.72,2447.43,613174
2025-04-17,2451.70,2473.24,2447.40,2470.41,601739
2025-04-18,2473.30,2486.37,2466.90,2483.42,450985
2025-04-21,2486.38,2498.84,2479.23,2488.42,428977
2025-04-22,2481.18,2494.59,2476.14,2486.64,416680
2025-04-23,2520.56,2526.72,2507.10,2525.56,538116
2025-04-24,2525.34,2530.61,2507.21,2522.33,327935
2025-04-25,2544.59,2553.33,2534.94,2546.30,403528
2025-04-28,2551.23,2558.69,2541.97,2548.86,454102
2025-04-29,2550.25,2571.41,2542.25,2565.42,547082
2025-04-30,2561.04,2570.83,2544.46,2556.61,487489
2025-05-02,2556.52,2567.04,2540.57,2559.79,585492
2025-05-07,2577.04,2581.85,2559.17,2573.80,546755
2025-05-08,2581.27,2590.90,2575.78,2579.48,471636
2025-05-09,2587.93,2589.58,2571.20,2577.27,485550
2025-05-12,2593.94,2607.33,2585.60,2607.33,409749
2025-05-13,2601.76,2620.64,2601.58,2608.42,422460
2025-05-14,2625.36,2646.01,2619.15,2640.57,390504
2025-05-15,2634.50,2643.83,2618.08,2621.36,339579
2025-05-16,2630.64,2633.98,2619.10,2626.87,359707
2025-05-19,2613.70,2619.43,2593.44,2603.42,313296
2025-05-20,2622.68,2622.91,2598.10,2601.80,456989
2025-05-21,2615.90,2633.41,2614.73,2625.58,371527
2025-05-22,2614.66,2616.53,2588.09,2593.67,358064
2025-05-23,2603.57,2604.14,2589.51,2592.09,434024
2025-05-26,2598.45,2644.40,2595.96,2644.40,380173
2025-05-27,2630.29,2642.63,2625.66,2637.22,318286
2025-05-28,2648.86,2692.47,2643.50,2670.15,405474
2025-05-29,2691.06,2720.64,2686.64,2720.64,448341
2025-05-30,2713.24,2717.54,2689.87,2697.67,525661
2025-06-02,2692.91,2719.87,2685.14,2698.97,323604
2025-06-04,2737.92,2771.03,2734.02,2770.84,489938
2025-06-05,2790.33,2831.11,2787.76,2812.05,556013
2025-06-09,2841.56,2867.27,2841.39,2855.77,537617
2025-06-10,2872.62,2885.67,2849.67,2871.85,508185
2025-06-11,2887.32,2908.16,2879.92,2907.04,393930
2025-06-12,2909.99,2934.31,2909.99,2920.03,713706
2025-06-13,2930.57,2932.38,2877.07,2894.62,931658
2025-06-16,2903.50,2947.07,2886.13,2946.66,726352
2025-06-17,2959.93,2998.62,2925.79,2950.30,939594
2025-06-18,2933.63,2979.32,2933.63,2972.19,576548
2025-06-19,2989.56,2996.04,2954.47,2977.74,433311
2025-06-20,2986.52,3022.06,2972.37,3021.84,484865
2025-06-23,2992.20,3019.81,2971.36,3014.47,625651
2025-06-24,3061.14,3105.04,3061.14,3103.64,579201
2025-06-25,3127.79,3129.09,3084.86,3108.25,644761
2025-06-26,3108.34,3113.03,3036.55,3079.56,460612
2025-06-27,3077.87,3093.56,3041.85,3055.94,381634
2025-06-30,3072.75,3086.00,3063.42,3071.70,464163
2025-07-01,3089.64,3133.52,3088.45,3089.65,576017
2025-07-02,3083.82,3090.61,3032.47,3075.06,696799
2025-07-03,3100.33,3116.27,3085.98,3116.27,539120
2025-07-04,3122.28,3123.84,3052.91,3054.28,520763
2025-07-07,3044.78,3068.43,3032.99,3059.47,359405
2025-07-08,3071.74,3115.86,3066.03,3114.95,745793
2025-07-09,3123.22,3137.17,3111.02,3133.74,642961
2025-07-10,3144.14,3183.23,3133.81,3183.23,596572
2025-07-11,3186.35,3216.69,3170.46,3175.77,465292
2025-07-14,3175.59,3202.06,3170.72,3202.03,444036
2025-07-15,3194.82,3216.01,3183.83,3215.28,419652
2025-07-16,3207.48,3209.20,3178.42,3186.38,531499
2025-07-17,3201.42,3201.42,3152.42,3192.29,424788
2025-07-18,3200.44,3204.75,3169.69,3188.07,393449
2025-07-21,3191.11,3211.14,3188.87,3210.81,343911
2025-07-22,3210.12,3220.27,3155.25,3169.94,378486
2025-07-23,3189.65,3199.86,3141.93,3183.77,664826
2025-07-24,3209.43,3237.97,3183.05,3190.45,425500
2025-07-25,3184.37,3205.82,3184.37,3196.05,389291
2025-07-28,3228.61,3228.61,3180.18,3209.52,502720
2025-07-29,3192.17,3232.31,3169.03,3230.57,373203
2025-07-30,3233.31,3269.40,3227.28,3254.47,338074
2025-07-31,3275.78,3288.26,3227.46,3245.44,540324
2025-08-01,3210.32,3210.32,3117.92,3119.41,507776
2025-08-04,3114.27,3157.45,3105.63,3147.75,293454
2025-08-05,3187.15,3212.31,3174.23,3198.00,273440
2025-08-06,3182.06,3200.15,3176.61,3198.14,327358
2025-08-07,3214.81,3227.68,3200.28,3227.68,327048
2025-08-08,3220.58,3227.28,3198.31,3210.01,341443
2025-08-11,3220.72,3223.23,3199.90,3206.77,304968
2025-08-12,3209.75,3242.17,3189.58,3189.91,373217
2025-08-13,3225.40,3226.37,3192.17,3224.37,320070
2025-08-14,3226.52,3239.55,3210.83,3225.66,441468
2025-08-18,3202.63,3206.77,3177.28,3177.28,326133
2025-08-19,3185.04,3185.48,3142.48,3151.56,285291
2025-08-20,3121.52,3132.83,3079.27,3130.09,335285
2025-08-21,3140.71,3166.54,3134.86,3141.74,276916
2025-08-22,3165.41,3181.95,3159.45,3168.73,236797
2025-08-25,3195.14,3209.86,3180.12,3209.86,220165
2025-08-26,3199.92,3199.92,3175.31,3179.36,325353
2025-08-27,3185.87,3189.31,3165.77,3187.16,281721
2025-08-28,3175.33,3211.34,3164.08,3196.32,312188
2025-08-29,3208.80,3212.69,3184.48,3186.01,245133
2025-09-01,3164.58,3177.40,3135.02,3142.93,260139
2025-09-02,3155.73,3174.16,3151.93,3172.35,310678
2025-09-03,3177.75,3187.48,3167.23,3184.42,335816
2025-09-04,3188.84,3205.61,3185.49,3200.83,286256
2025-09-05,3208.83,3214.64,3196.19,3205.12,323845
2025-09-08,3209.81,3221.14,3206.34,3219.59,372300
2025-09-09,3231.31,3260.05,3221.98,3260.05,439946
2025-09-10,3272.20,3317.77,3272.07,3314.53,564707
2025-09-11,3336.60,3344.70,3311.86,3344.20,435589
2025-09-12,3374.65,3395.54,3362.86,3395.54,448858
2025-09-15,3407.78,3420.23,3391.33,3407.31,378854
2025-09-16,3421.13,3452.50,3418.10,3449.62,406214
2025-09-17,3433.83,3433.83,3406.75,3413.40,326610
2025-09-18,3432.77,3461.30,3422.77,3461.30,391177
2025-09-19,3461.23,3467.89,3434.61,3445.24,348845
2025-09-22,3463.84,3482.25,3458.87,3468.65,287867
2025-09-23,3489.46,3494.49,3467.83,3486.19,358335
2025-09-24,3492.03,3497.95,3442.41,3472.14,287145
2025-09-25,3458.98,3479.42,3454.08,3471.11,293075
2025-09-26,3440.39,3441.91,3365.73,3386.05,399150
2025-09-29,3414.43,3439.12,3413.33,3431.21,416480
2025-09-30,3436.00,3443.38,3421.89,3424.60,526402
2025-10-01,3444.06,3459.74,3440.42,3455.83,493641
2025-10-02,3525.48,3565.96,3512.16,3549.21,402107
2025-10-10,3598.11,3617.86,3569.44,3610.60,407411
2025-10-13,3550.08,3584.55,3522.54,3584.55,408033
2025-10-14,3604.12,3646.77,3535.52,3561.81,734085
2025-10-15,3580.64,3659.91,3577.06,3657.28,543607
2025-10-16,3675.82,3748.37,3675.82,3748.37,495791
2025-10-17,3732.76,3794.87,3722.07,3748.89,420770
2025-10-20,3775.40,3814.69,3728.38,3814.69,410147
2025-10-21,3851.01,3893.06,3816.19,3823.84,526854
2025-10-22,3827.23,3883.68,3794.52,3883.68,597216
2025-10-23,3835.79,3902.21,3822.33,3845.56,423589
2025-10-24,3893.23,3951.07,3886.64,3941.59,426897
2025-10-27,3999.79,4042.83,3999.79,4042.83,516999
2025-10-28,4010.47,4018.22,3972.56,4010.41,408225
2025-10-29,4061.54,4084.09,4014.84,4081.15,466898
2025-10-30,4105.95,4146.72,4070.79,4086.89,566538
2025-10-31,4083.25,4122.09,4059.74,4107.50,408275
2025-11-03,4123.36,4221.92,4123.36,4221.87,472676
2025-11-04,4219.24,4226.75,4117.91,4121.74,423543
2025-11-05,4055.47,4055.47,3867.81,4004.42,594163
2025-11-06,4092.46,4111.96,3985.29,4026.45,423421
2025-11-07,3963.72,4037.61,3887.32,3953.76,377050
2025-11-10,3991.87,4092.91,3984.24,4073.24,339514
2025-11-11,4124.30,4187.46,4066.58,4106.39,377554
2025-11-12,4097.44,4154.62,4088.86,4150.39,334585
2025-11-13,4127.57,4188.54,4123.84,4170.63,424189
2025-11-14,4061.91,4092.76,4011.40,4011.57,399992
2025-11-17,4078.57,4089.88,4045.40,4089.25,344097
2025-11-18,4044.47,4072.41,3953.26,3953.62,319660
2025-11-19,3966.64,3966.64,3854.95,3929.51,338242
2025-11-20,4030.97,4059.37,4001.31,4004.85,360282
2025-11-21,3908.70,3911.55,3838.46,3853.26,319324
2025-11-24,3915.16,3917.16,3838.20,3846.06,373120
2025-11-25,3942.36,3946.61,3833.35,3857.78,279294
2025-11-26,3891.88,3960.87,3866.66,3960.87,295327
2025-11-27,3989.45,4023.42,3968.43,3986.91,257855
2025-11-28,3995.30,3995.30,3921.89,3926.59,241923
2025-12-01,3967.92,3977.31,3892.08,3920.37,296915
2025-12-02,3939.09,3994.93,3935.14,3994.93,319035
2025-12-03,4010.26,4052.83,3987.76,4036.30,290897
2025-12-04,4018.91,4028.53,3982.54,4028.51,352043
2025-12-05,4023.50,4100.05,4003.29,4100.05,478513
2025-12-08,4109.25,4154.85,4081.26,4154.85,395583
2025-12-09,4129.77,4152.18,4121.21,4143.55,400643
2025-12-10,4159.05,4172.64,4123.60,4135.00,317902
2025-12-11,4163.32,4170.77,4103.20,4110.62,539843
2025-12-12,4123.83,4168.17,4120.73,4167.16,426616
2025-12-15,4053.74,4123.19,4052.65,4090.59,346845
2025-12-16,4093.32,4099.01,3996.23,3999.13,373990
2025-12-17,4019.43,4060.24,3994.65,4056.41,360956
2025-12-18,3989.60,4030.65,3975.50,3994.51,581445
2025-12-19,4055.78,4055.78,3997.05,4020.55,442665
2025-12-22,4096.26,4105.93,4083.13,4105.93,315627
2025-12-23,4127.40,4140.84,4110.25,4117.32,385848
2025-12-24,4136.24,4137.20,4106.62,4108.62,363614
2025-12-26,4130.37,4143.14,4116.53,4129.68,510162
2025-12-29,4146.48,4220.56,4146.48,4220.56,502394
2025-12-30,4193.75,4226.36,4186.95,4214.17,408198
2026-01-02,4224.53,4313.55,4216.68,4309.63,406339
2026-01-05,4385.92,4457.52,4381.93,4457.52,513870
2026-01-06,4446.08,4525.48,4395.00,4525.48,498391
2026-01-07,4566.34,4611.72,4488.20,4551.06,553654
2026-01-08,4531.46,4622.32,4527.50,4552.37,440086
2026-01-09,4530.03,4590.03,4500.48,4586.32,399220
2026-01-12,4639.89,4652.54,4567.55,4624.79,394753
2026-01-13,4662.44,4693.07,4641.58,4692.64,429151
2026-01-14,4685.11,4723.10,4669.32,4723.10,550417
2026-01-15,4710.28,4797.55,4705.44,4797.55,545175
2026-01-16,4820.66,4855.61,4797.75,4840.74,720906
2026-01-19,4829.40,4917.37,4827.95,4904.66,570841
2026-01-20,4900.28,4935.48,4823.88,4885.75,667709
2026-01-21,4808.94,4910.54,4807.13,4909.93,600102
2026-01-22,4987.06,5019.54,4934.17,4952.53,568624
2026-01-23,4984.08,5021.13,4926.22,4990.07,612602
2026-01-26,4997.54,5023.76,4940.78,4949.59,446903
2026-01-27,4932.89,5084.85,4890.72,5084.85,476156
2026-01-28,5145.39,5183.44,5124.80,5170.81,593109
2026-01-29,5243.42,5252.61,5073.12,5221.25,699659
2026-01-30,5210.35,5321.68,5199.78,5224.36,862541
2026-02-02,5122.62,5196.71,4933.58,4949.67,572544
2026-02-03,5114.81,5288.08,5101.31,5288.08,672610
2026-02-04,5260.71,5376.92,5243.11,5371.10,789920
2026-02-05,5251.03,5304.40,5142.20,5163.57,911910
2026-02-06,5013.15,5120.77,4899.30,5089.14,745764
2026-02-09,5299.10,5322.35,5265.08,5298.04,617658
2026-02-10,5350.21,5363.62,5286.67,5301.69,712268
2026-02-11,5293.75,5374.23,5257.53,5354.49,753767
2026-02-12,5425.39,5522.27,5399.52,5522.27,750615
2026-02-13,5513.71,5583.74,5480.92,5507.01,1290659
2026-02-19,5642.09,5681.65,5614.97,5677.25,1185838
2026-02-20,5696.89,5809.91,5684.58,5808.53,1749303
2026-02-23,5903.11,5931.86,5792.57,5846.09,1477789
2026-02-24,5853.48,5969.64,5775.61,5969.64,1602005
2026-02-25,6022.70,6144.71,5984.28,6083.86,1415255
2026-02-26,6121.03,6313.27,6107.41,6307.27,1409623
2026-02-27,6197.49,6347.41,6153.87,6244.13,1166058
2026-03-03,6165.15,6180.45,5791.65,5791.91,1227193
2026-03-04,5592.59,5672.12,5059.45,5093.54,1637606
2026-03-05,5250.92,5715.30,5248.13,5583.90,1660710
2026-03-06,5491.02,5609.98,5381.27,5584.87,1223020
2026-03-09,5265.37,5327.42,5096.16,5251.87,1026238
2026-03-10,5523.21,5595.88,5427.88,5532.59,923210
2026-03-11,5658.72,5746.36,5559.69,5609.95,1050946
2026-03-12,5567.65,5629.07,5527.47,5583.25,801306
2026-03-13,5412.39,5537.59,5392.52,5487.24,907656
2026-03-16,5510.82,5561.42,5448.75,5549.85,1073860
2026-03-17,5711.80,5717.13,5632.86,5640.48,1135071
2026-03-18,5767.10,5934.35,5766.14,5925.03,1143772
2026-03-19,5761.40,5863.39,5738.95,5763.22,1184170
2026-03-20,5813.35,5833.68,5764.64,5781.20,1490805
2026-03-23,5580.15,5580.15,5397.94,5405.75,1125620
2026-03-24,5638.20,5643.00,5395.17,5553.92,1170518
2026-03-25,5680.33,5740.97,5630.07,5642.21,763224
2026-03-26,5594.06,5598.37,5448.12,5460.46,925093
2026-03-27,5300.61,5462.51,5220.10,5438.87,900081
2026-03-30,5181.80,5297.35,5151.22,5277.30,727391
2026-03-31,5143.75,5233.99,5042.99,5052.46,1163312
2026-04-01,5330.04,5512.33,5272.45,5478.70,958953
2026-04-02,5551.69,5574.62,5170.27,5234.05,1428160
2026-04-03,5375.50,5419.45,5316.42,5377.30,1185178
2026-04-06,5423.35,5505.61,5404.91,5450.33,1110507
2026-04-07,5552.19,5594.90,5424.46,5494.78,990449
2026-04-08,5804.70,5919.60,5774.00,5872.34,932611
2026-04-09,5826.45,5862.41,5757.49,5778.01,1026733
2026-04-10,5876.12,5918.59,5850.83,5858.87,1002354
2026-04-13,5737.28,5827.73,5730.23,5808.62,1083211
2026-04-14,5960.00,6026.52,5938.33,5967.75,889491
2026-04-15,6141.60,6183.21,6064.23,6091.39,923846
2026-04-16,6149.49,6231.03,6126.06,6226.05,925695
2026-04-17,6227.33,6230.32,6159.88,6191.92,689740
2026-04-20,6213.92,6278.36,6176.75,6219.09,692879
2026-04-21,6302.54,6388.47,6302.54,6388.47,792022
2026-04-22,6387.57,6423.29,6318.51,6417.93,900140
2026-04-23,6488.83,6557.76,6309.10,6475.81,1042392
2026-04-24,6496.10,6516.54,6403.74,6475.63,878201
2026-04-27,6533.60,6657.22,6529.19,6615.03,842664
2026-04-28,6646.80,6712.73,6621.73,6641.02,1139472
2026-04-29,6619.00,6702.38,6596.03,6690.90,717860
2026-04-30,6739.39,6750.27,6597.83,6598.87,685459
2026-05-04,6782.93,6937.00,6741.63,6936.99,873009
2026-05-06,7093.01,7426.60,7093.01,7384.56,995692
2026-05-07,7499.07,7531.88,7257.89,7490.05,767462
2026-05-08,7353.94,7511.01,7318.96,7498.00,523091
2026-05-11,7775.31,7899.32,7713.49,7822.24,731279
2026-05-12,7953.41,7999.67,7421.71,7643.15,1021136
2026-05-13,7513.65,7855.47,7402.36,7844.01,738739
2026-05-14,7873.91,7991.04,7842.72,7981.41,849942
2026-05-15,7951.75,8046.78,7371.68,7493.18,885627
2026-05-18,7443.29,7636.20,7142.71,7516.04,566618
2026-05-19,7425.66,7446.57,7141.91,7271.66,533509
2026-05-20,7324.52,7324.52,7053.84,7208.95,492494
2026-05-21,7486.37,7819.23,7486.37,7815.59,621082
2026-05-22,7873.12,7886.64,7780.13,7847.71,435533
2026-05-26,8070.91,8131.15,8008.19,8047.51,519551
2026-05-27,8242.12,8457.09,8220.04,8228.70,619451
2026-05-28,8165.73,8253.60,7841.01,8185.29,668951
2026-05-29,8384.31,8476.15,8273.74,8476.15,735127
2026-06-01,8485.67,8874.16,8485.67,8788.38,636175
2026-06-02,8883.19,8933.62,8503.12,8801.49,632554
2026-06-04,8623.82,8759.05,8577.30,8639.41,437896
2026-06-05,8323.20,8382.16,8038.10,8160.59,463197
2026-06-08,8048.09,8048.09,7442.73,7484.41,452204
2026-06-09,7697.76,8119.09,7598.87,8096.93,448537
2026-06-10,7899.77,7996.68,7541.11,7730.82,460877
2026-06-11,7509.62,7800.62,7394.46,7763.95,478730
2026-06-12,8263.85,8434.40,8079.77,8123.62,493406
2026-06-15,8526.12,8603.48,8450.24,8545.98,516648
2026-06-16,8696.55,8753.82,8540.41,8726.60,586337
2026-06-17,8622.13,8872.18,8605.66,8864.24,571194
2026-06-18,8884.92,9106.07,8867.34,9063.84,510940
2026-06-19,9288.89,9385.59,8831.72,9052.42,517248
2026-06-22,8954.43,9253.00,8900.68,9114.55,381081
2026-06-23,9083.54,9175.45,8203.84,8203.84,488742
2026-06-24,8356.79,8577.52,8080.99,8471.02,418169
2026-06-25,8703.42,9044.04,8693.62,8930.30,456880
2026-06-26,8813.18,8861.70,8126.84,8411.21,518473
2026-06-29,8334.28,8525.53,8127.99,8394.65,371223
2026-06-30,8416.70,8667.73,8220.80,8476.48,449824
2026-07-01,8591.50,8620.15,8143.33,8303.41,468193
2026-07-02,7933.10,8136.28,7616.33,7648.09,505157
2026-07-03,7739.75,8136.28,7378.10,8088.34,465821
2026-07-06,8186.82,8327.26,7815.53,8051.33,448691
2026-07-07,7919.20,7954.55,7389.22,7656.31,516366
2026-07-08,7452.48,7791.66,7186.21,7246.79,501071
2026-07-09,7486.64,7543.86,7063.76,7291.91,582791
2026-07-10,7552.49,7704.93,7429.51,7475.94,453242
2026-07-13,7412.03,7529.07,6783.43,6806.93,474085
2026-07-14,6769.06,6979.92,6448.86,6856.83,491599
2026-07-15,7082.91,7424.18,7082.91,7284.41,397854
2026-07-16,6960.50,6995.93,6730.87,6820.60,424280
2026-07-20,6643.58,6814.86,6472.80,6516.27,345825
2026-07-21,6553.88,6836.86,6429.03,6747.95,391092
2026-07-22,7052.09,7166.00,6791.06,6797.70,373810
2026-07-23,6963.35,7108.44,6892.64,7096.89,397346
2026-07-24,7000.78,7000.78,6650.41,6690.62,397655
2026-07-27,6806.27,6806.27,6557.39,6755.75,275718
2026-07-28,6400.27,6413.57,5992.91,6023.66,331261
2026-07-29,6089.11,6228.52,5262.77,5663.24,457385
2026-07-30,5681.77,5976.82,5547.41,5593.56,378859
2026-07-31,5657.79,6630.77,5629.76,6595.45,434445
2026-08-03,6358.27,6393.00,6223.29,6257.45,272959
2026-08-04,6351.38,6389.40,6080.25,6358.95,312997
2026-08-05,6603.48,6674.66,6540.27,6598.26,338500
